성별,연령,학년,구분,친구,연인,동기,가족,혼자,선호도,모두랑맛,모두랑가격,모두랑청결,모두랑친절,모두랑재방문,두끼맛,두끼가격,두끼청결,두끼친절,두끼재방문,동대문맛,동대문가격,동대문청결,동대문친절,동대문재방문,신전맛,신전가격,신전청결,신전친절,신전재방문,영떡스맛,영떡스가격,영떡스청결,영떡스친절,영떡스재방문,새우락맛,새우락가격,새우락청결,새우락친절,새우락재방문,땡땡이맛,땡땡이가격,땡땡이청결,땡땡이친절,땡땡이재방문,청년다방맛,청년다방가격,청년다방청결,청년다방친절,청년다방재방문,에바다맛,에바다가격,에바다청결,에바다친절,에바다재방문,좋았던곳이유개선점,별로였던곳이유개선점
여,23~26,3학년,일반,1,1,0,0,0,5,4,5,4,4,4,5,4,4,4,4,4,3,5,4,4,5,4,5,5,5,NA,NA,NA,NA,NA,5,5,5,5,5,3,5,3,4,3,5,4,5,5,5,NA,NA,NA,NA,NA,새우락/청결하고 맛있고 가격이 적당함/사이드 메뉴 추가,"상추튀김/맛없음, 불어있음/맛 개선"
여,20~22,3학년,일반,0,1,0,0,1,5,3,4,3,4,3,3,3,4,5,3,5,3,2,4,4,3,5,4,5,3,NA,NA,NA,NA,NA,3,3,1,4,2,3,4,2,4,2,4,3,5,5,4,3,3,4,5,3,"엽떡/가장 맛있다고 생각한다./가끔 국물 농도가 다르게 오는 점(진하거나 묽거나), 후기에서 뭐가 나온다는 점(머리카락 등등)","두끼,모두랑/직접 만드는 즉석떡볶이라 자극적인 맛이없다. 여러명에서 가면 가격이 생각보다 많이 나온다. 새우락,상추튀김/위생 때문에 가지 않는다."
여,20~22,2학년,일반,1,0,0,0,0,4,NA,NA,NA,NA,NA,NA,NA,NA,NA,NA,2,2,4,4,2,NA,NA,NA,NA,NA,NA,NA,NA,NA,NA,NA,NA,NA,NA,NA,NA,NA,NA,NA,NA,4,3,4,4,3,NA,NA,NA,NA,NA,NA,NA
여,23~26,3학년,의대,1,0,1,1,0,5,4,4,4,4,5,4,3,3,3,4,4,2,3,3,5,5,4,3,3,5,NA,NA,NA,NA,NA,NA,NA,NA,NA,NA,2,3,3,2,2,5,3,4,5,5,NA,NA,NA,NA,NA,청년다방 / 버터갈릭감자튀김이 진짜 너무 맛있습니다. 떡볶이 메뉴도 다양해서 넘넘 만족스러워요. 에이드도 진짜 맛있습니다!!! 아 버터갈릭감자튀김 중간에 소스 부족해보이면 알바분이 알아서 뿌려주시는거 진짜 너무 좋아요! / 개선할점은 딱히 없습니다.,별로였던 떡볶이 집은 없습니다
여,23~26,4학년,일반,1,1,1,0,1,5,3,4,3,3,3,4,4,2,3,3,5,2,3,4,3,3,4,3,2,2,NA,NA,NA,NA,NA,5,5,3,4,4,3,3,2,4,3,5,3,3,4,4,3,3,3,4,3,"3점을 보통 점수로 줬고, 제가  근처에서 살면서 7년간 맛봤던  구정문 떡볶이 맛집 원탑은 새우락 떡볶이 입니다./ 이 곳은 떡볶이 집이 아닌데도 떡볶이가 일품이고요. 진짜 새우튀김이랑 같이 먹었을때 엄청 맛있습니다. 다른집 떡볶이 가격과 비교했을 때 비교 불가입니다. 저는 개인적으로 상추튀김이나 에바다 떡볶이 같은 곳보다 프랜차이즈 떡볶이를 더 맛있다고 느끼는데 (약간 자극적인걸 좋아해서), 새우락 떡볶이는 프렌차이즈 떡볶이 중에서도 가격이 제일 착하고 떡볶이 구성도 보면 비엔나 떡 오뎅 중국당면(서비스) 입니다. 그 가격에 이 모든 것을 다 즐길 수 있습니다. 그리고 무엇보다 다른 곳은 하나씩 다 아쉽다는 생각이 든다면 이 곳은 개선할 점이 없어요.","엽떡 - 가격이 사악
상추튀김 - 위생 걱정
모두랑 - 시중에 파는 떡볶이 소스 통 같은거 쓰시는 걸 봤는데, 진짜인지 모르겠습니다...
에바다 - 떡볶이가 너무 퍼져있어요
신전 - 이 곳 사장님과 알바분들은 에타에서 유명합니다...
두끼 - 이 곳은 이미 위생 관련 영업정지를 당했던 곳인데... 제가 ( 근처 고등학교) 고등학생때는 무한리필 이기 때문에  두끼만 다녔는데, 친구들끼리 만나도 이곳은 다시 안갑니다.."
여,23~26,4학년,의대,1,1,0,0,0,5,3,3,4,2,1,5,5,4,4,5,4,3,4,4,4,5,5,5,5,5,NA,NA,NA,NA,NA,NA,NA,NA,NA,NA,NA,NA,NA,NA,NA,5,4,5,5,5,NA,NA,NA,NA,NA,청년다방 / 변치않는 맛과 깔끔함. 친절한 서비스 굿굿 / 치즈볼 줄 때 연유를 좀 더 많이 줬으면 합니다,모두랑/ 송가인이 다녀간 뒤로 가성비도 떨어지고 변화하는 떡볶이 시장에서 뒤쳐져요. 4~5년 전이 전성기 시절
여,20~22,3학년,일반,1,0,0,1,0,5,NA,NA,NA,NA,NA,3,2,4,4,1,3,4,3,4,4,4,4,4,4,4,NA,NA,NA,NA,NA,2,2,4,4,3,NA,NA,NA,NA,NA,4,3,4,4,4,NA,NA,NA,NA,NA,엽떡/ 구정문 떡볶이 중에 제일 자극적이면서 깔끔/ 본점에 비해 매운맛이 다 하향되어있어요 ㅠㅠ 너무 아쉬워요,새우락/ 양념이 깊게 배어들지 못한맛/물론 튀김집이지만 튀김과 떡볶이 소스는 환상조합이니까 개선하면 더욱 시너지효과가 날 것 같네용
여,20~22,3학년,일반,1,0,1,1,0,4,4,5,3,5,5,4,3,3,4,4,4,3,3,3,3,4,3,2,2,2,NA,NA,NA,NA,NA,NA,NA,NA,NA,NA,2,3,2,3,2,5,3,4,3,4,NA,NA,NA,NA,NA,모두랑/볶음밥이 정말 맛있음/위생에 있어서 청결하다는 느낌은 받지 못했음,상추튀김집/요즘스타일 떡볶이 맛이 아니기도하고 튀김이 약간 비위생적으로 보임
여,20~22,2학년,일반,1,0,1,1,0,4,NA,NA,NA,NA,NA,3,3,3,3,2,NA,NA,NA,NA,NA,NA,NA,NA,NA,NA,NA,NA,NA,NA,NA,NA,NA,NA,NA,NA,NA,NA,NA,NA,NA,4,3,4,3,4,NA,NA,NA,NA,NA,응급실떡볶이/맛있음/가격,두끼떡볶이/불편함
남,23~26,4학년,일반,1,1,0,0,0,4,3,3,3,3,2,3,4,4,3,4,4,2,3,3,5,4,4,4,3,3,NA,NA,NA,NA,NA,NA,NA,NA,NA,NA,NA,NA,NA,NA,NA,5,5,5,5,5,NA,NA,NA,NA,NA,청년다방/내 입 맛에 잘 맞았다(버터갈릭 감자튀김이 맛있었다)/내 입에 떡볶이가 약간 달았다...조금만 덜 달았으면 더 좋을 거 같다,모두랑/즉석 떡볶이를 선호하지 않기도 했지만 맛이 좀 변한 것 같았다/옛날 맛이 나도록 해주시면 좋겠다
여,23~26,3학년,일반,1,0,0,0,1,5,5,5,3,3,4,5,4,5,5,5,4,2,5,3,4,3,4,2,1,3,NA,NA,NA,NA,NA,NA,NA,NA,NA,NA,2,2,1,1,1,5,3,5,5,5,3,3,2,4,2,모두랑/가격과 맛이 만족도가 높음/ 오래된 가게이기에 청결도는 떨어짐,땡땡이 상추튀김/ 떡볶이 자체의 맛이 없음 청결도 엉망(튀김이 쌓여있는 것이 별로)/ 요리연구와 대대적인 창소 필여
여,23~26,4학년,일반,1,1,0,0,1,5,5,5,4,4,5,3,3,1,3,1,3,3,3,3,3,5,5,4,3,3,NA,NA,NA,NA,NA,3,4,3,3,3,4,5,5,5,5,4,3,4,4,3,5,5,5,5,5,에바다 떡볶이 / 맛있음 / 없음,땡땡이 상추튀김 / 떡볶이는 맛있는데 튀김이 너무 별로다 / 튀김옷이 거의80퍼인데 튀김 옷 말고 메인 재료도 좀 많이 들어갔으면 좋겠다
남,23~26,4학년,일반,1,1,0,0,0,5,5,5,3,4,5,NA,NA,NA,NA,NA,5,2,3,4,5,5,2,4,2,4,NA,NA,NA,NA,NA,NA,NA,NA,NA,NA,3,3,2,3,2,5,3,4,4,5,NA,NA,NA,NA,NA,모두랑/시장떡볶이느낌/청결이랑은 약간 거리가 먼듯한 느낌,상추튀김/왜아직도있는지 모르겠다/그냥 사라지는게 빠를듯
남,23~26,4학년,일반,0,1,0,0,0,3,3,4,2,3,1,3,1,3,3,1,4,4,3,3,4,3,3,3,3,1,NA,NA,NA,NA,NA,NA,NA,NA,NA,NA,2,4,2,3,2,NA,NA,NA,NA,NA,3,4,3,3,4,"엽떡/다른 곳이랑 차별화된 맛(매운거좋아하는거 아님)으로 블라이든테스트해보면""이게 엽떡이구나!""알 수 있는 맛/ 주먹밥 이벤트로 공짜로받고싶어요ㅠ맨날 사이드추가해서 먹어ㅠ",모두랑/위생이 약간 아쉬운것같음/밑반찬이 셀프로 가게 밖으로 나와있는데 파리가 위에 돌아다니고 테이블끈적. ./ 청결?
여,23~26,4학년,일반,1,0,0,0,1,5,3,5,2,3,3,4,3,3,3,4,4,2,3,3,4,4,4,3,3,4,3,2,3,3,3,4,3,3,3,3,3,4,3,3,3,4,3,4,3,4,4,4,3,3,4,청년다방/떡이랑 국물이 맛있음/1인메뉴가 있으면 좋겠음,모두랑떡볶이/가격이 저렴한 거 말고 좋은 점을 모르겠음/청결에 신경을 쓰시면 좋겠음
여,23~26,5학년,의대,1,0,0,0,0,5,5,4,4,4,5,4,3,5,5,2,NA,NA,NA,NA,NA,NA,NA,NA,NA,NA,NA,NA,NA,NA,NA,NA,NA,NA,NA,NA,NA,NA,NA,NA,NA,5,3,5,5,5,NA,NA,NA,NA,NA,모두랑/맛있어서/배달메뉴가 한정적,NA
여,20~22,3학년,일반,1,1,1,1,1,5,4,5,5,5,5,4,3,4,4,4,3,3,3,4,3,4,5,4,4,4,3,4,4,4,3,NA,NA,NA,NA,NA,4,4,3,3,3,5,4,5,5,5,3,4,3,3,3,모두랑/볶음밥이 맛있음/없음,옛날땡땡이상추튀김/쌀떡 사용/밀떡떡볶이도 있음 좋겠다
여,20~22,2학년,일반,1,1,0,0,1,5,NA,NA,NA,NA,NA,3,2,4,3,2,4,2,4,5,5,4,4,4,4,4,NA,NA,NA,NA,NA,NA,NA,NA,NA,NA,NA,NA,NA,NA,NA,NA,NA,NA,NA,NA,NA,NA,NA,NA,NA,동대문엽기떡볶이/가성비가 좋진 않지만 가성비를 맛이 이긴다/학교에서 제휴를 맺어서 할인을 했으면 좋겠다,두끼/다른 두끼 매장에는 있는 데 점 두끼에는 없는 게 너무 많다/없는 것들을 채워놨으면 좋겠다
남,23~26,5학년,의대,0,1,0,0,0,3,3,4,1,2,2,2,2,3,2,4,3,3,4,3,5,3,3,4,4,2,3,3,4,4,3,3,2,4,5,4,3,3,3,2,5,4,4,4,4,4,4,4,4,3,5,다 좋았습니다,NA
남,27~,4학년,일반,1,0,0,0,1,4,4,4,4,4,4,4,5,4,3,3,4,3,3,4,4,3,3,3,4,2,NA,NA,NA,NA,NA,5,4,4,4,4,3,3,2,3,3,4,3,4,3,3,4,4,4,4,3,새우락/국물 떡볶이와 튀김 존맛/딱히 없음,신전/요즘 맛 없어짐/위생 개선
여,23~26,5학년,일반,1,1,0,0,1,5,4,4,3,4,5,2,4,3,3,3,4,4,3,4,5,4,5,3,3,5,NA,NA,NA,NA,NA,NA,NA,NA,NA,NA,3,5,3,3,3,4,4,3,4,5,NA,NA,NA,NA,NA,모두랑/프랜차이즈가 아니면서도 맛있고 가격대가 나쁘지않아서 좋음/,두끼/ 무한리필이라 가성비는 있지만 정리정돈 안되어 있는 느낌이었음/ 깔끔한 느낌이 들게 정리되어있다면 좋을듯 함. 
여,23~26,3학년,일반,1,1,0,1,1,5,5,5,3,3,4,5,5,5,5,5,5,3,4,4,4,5,5,5,4,5,NA,NA,NA,NA,NA,NA,NA,NA,NA,NA,5,5,3,3,3,5,4,5,4,4,NA,NA,NA,NA,NA,"청년다방
이유는 너무 맛있고 분위기도 깔끔하고 좋습니다
매일매일 가서 먹고싶어요!",에 있는 떡볶이 집에서 별로였었던곳은 없었다 대체적으로 다 맛있었다
여,27~,4학년,일반,0,1,0,0,0,4,4,4,4,4,5,4,5,4,4,5,5,2,3,3,3,4,5,3,2,4,4,4,4,4,2,5,5,4,5,5,5,5,3,3,4,5,2,4,4,4,3,4,4,4,2,청년다방/맵지 않고 숯불향이 나는 고기가떡볶이와 잘 어울리고 맛있다/가격이 비싼데 배달료도 비싸다,옛날땡땡이상추튀김/그냥 떡볶이가 맛이 별로다/ 가격 조정도 필요하고 맛도 그닥.. 떡이 너무두껍다
여,23~26,2학년,일반,1,0,0,0,1,4,NA,NA,NA,NA,NA,NA,NA,NA,NA,NA,NA,NA,NA,NA,NA,5,4,4,4,4,NA,NA,NA,NA,NA,NA,NA,NA,NA,NA,NA,NA,NA,NA,NA,5,3,5,5,5,NA,NA,NA,NA,NA,"신전/신전특유의 후추맛이 맛있다/튀김 가격좀,,",NA
여,20~22,3학년,일반,1,0,0,0,1,5,4,3,4,3,3,4,3,3,2,3,3,2,4,3,3,5,4,2,3,4,3,2,3,3,3,3,3,3,3,4,2,2,2,4,2,4,2,4,3,4,3,3,4,4,4,신전/떡볶이 국물이 졸아있음/청결,두끼/잘못만들면 맛없음/모르겠음
여,20~22,3학년,일반,1,0,0,0,0,5,4,5,3,4,5,3,2,3,4,4,4,2,3,3,4,5,4,3,4,5,NA,NA,NA,NA,NA,5,5,5,5,5,3,4,3,4,3,4,2,5,4,4,4,4,3,4,3,모두랑--맛있고 가격도 싸서 가성비가 좋다/ 깨끗해 보이지가 않았음,두끼-너무 비쌈 가격이 또 오를듯..소스를 내그 만들어야 하지만 그렇다고 맛이 막 있는 것도 아님 
여,27~,6학년,의대,1,1,0,0,1,4,NA,NA,NA,NA,NA,4,4,4,3,4,5,4,4,4,4,NA,NA,NA,NA,NA,NA,NA,NA,NA,NA,NA,NA,NA,NA,NA,5,5,4,5,5,5,4,5,4,5,NA,NA,NA,NA,NA,NA,NA
남,23~26,3학년,일반,1,0,0,0,0,4,5,2,3,4,3,4,5,4,4,5,4,3,4,4,3,4,2,3,3,3,NA,NA,NA,NA,NA,NA,NA,NA,NA,NA,NA,NA,NA,NA,NA,4,3,3,3,4,NA,NA,NA,NA,NA,두끼,신전 / 사이드 메뉴 없이 떡볶이만 먹기 아쉬운 곳 / 여기도 가격 ㅎㅎ
여,20~22,2학년,일반,1,1,1,0,0,5,3,3,3,3,3,4,3,5,4,4,4,4,3,4,5,4,4,3,3,3,NA,NA,NA,NA,NA,NA,NA,NA,NA,NA,3,4,4,4,4,5,3,5,5,5,NA,NA,NA,NA,NA,청년다방/떡볶이 맛도 좋고 사이드메뉴도 다양하고 맛있다/가격이 꽤 비싸다,NA
여,23~26,4학년,일반,1,1,0,0,0,5,5,5,5,5,5,4,4,3,4,4,5,4,4,4,4,5,5,4,3,4,NA,NA,NA,NA,NA,NA,NA,NA,NA,NA,3,4,3,4,3,5,4,5,5,5,5,5,4,4,4,청년다방/떡볶이 메뉴가 여러가지여서 고를 수 있다는 게 좋았고 세트 구성으로 판다는 것이 좋았다!/청년다방 떡은 긴 것만 있는데 작은 떡들로도 먹을 수 있게 고를 수 있으면 좋겠다!,상추튀김/떡볶이는 약간 국물이 부족하게 느껴졌고 튀김도 눅눅해서 내 취향은 아니었다./튀김을 너무 한번에 많이 만들어놓으시는 것 같은데 필요할 때 마다 튀기시면 좋을 것 같다!
여,20~22,2학년,의대,1,1,1,1,0,4,4,5,4,5,5,NA,NA,NA,NA,NA,NA,NA,NA,NA,NA,4,3,4,3,4,NA,NA,NA,NA,NA,NA,NA,NA,NA,NA,4,3,3,5,3,4,2,4,3,3,NA,NA,NA,NA,NA,모두랑/가격이너무착하다!!!!/테이블 간격...?,다 갠춘했던것같다..!
남,27~,5학년,의대,1,0,0,0,0,5,NA,NA,NA,NA,NA,3,3,4,3,2,5,2,3,3,4,5,3,3,3,5,NA,NA,NA,NA,NA,NA,NA,NA,NA,NA,NA,NA,NA,NA,NA,5,3,3,3,4,NA,NA,NA,NA,NA,청년다방 떡볶이 매우 맛있어서,두끼 떡볶이 맛이 별로 없다
여,20~22,2학년,일반,1,1,0,1,0,5,4,4,4,4,4,4,3,3,3,4,4,2,2,2,3,4,4,3,3,4,NA,NA,NA,NA,NA,NA,NA,NA,NA,NA,3,2,2,2,3,3,4,4,4,4,NA,NA,NA,NA,NA,두끼/내가 만들어 먹는거라 내 입맛에 맞고 뷔페 메뉴도 다양함/ 앞에 있으니  학생 할인이 있으면 좋겠음,옛날땡땡이상추튀김/딱히 특별할 것도 없고 양도 적은데 가격이 비쌈/가격이나 양의 조정이 필요할 듯
여,23~26,4학년,일반,1,0,0,0,0,5,NA,NA,NA,NA,NA,4,4,4,4,4,4,4,2,4,4,NA,NA,NA,NA,NA,NA,NA,NA,NA,NA,NA,NA,NA,NA,NA,NA,NA,NA,NA,NA,5,5,5,5,5,NA,NA,NA,NA,NA,구정문은 딱히 없고 사대부고 또또분식 떡볶이 맛있어요 ,NA
여,23~26,4학년,의대,1,0,1,0,1,5,NA,NA,NA,NA,NA,4,4,3,3,3,4,2,3,3,4,4,5,4,5,4,NA,NA,NA,NA,NA,4,4,3,3,3,NA,NA,NA,NA,NA,4,3,4,4,4,NA,NA,NA,NA,NA,신전떡볶이/저렴하고 양도 많음,NA
여,23~26,4학년,의대,1,0,1,1,0,5,NA,NA,NA,NA,NA,2,3,5,5,3,5,3,5,5,5,5,5,5,5,5,NA,NA,NA,NA,NA,NA,NA,NA,NA,NA,4,3,4,4,4,4,4,4,4,4,NA,NA,NA,NA,NA,"신전 가격이 저렴해서 ,떡볶이에 어묵이 없어서 아쉽다 ",두끼 내가 배합을 잘 못해서..
남,23~26,3학년,일반,0,1,0,0,0,5,3,3,3,3,3,5,5,5,4,5,NA,NA,NA,NA,NA,4,3,3,4,3,NA,NA,NA,NA,NA,5,2,4,4,5,NA,NA,NA,NA,NA,5,3,5,5,5,NA,NA,NA,NA,NA,NA,NA
남,23~26,4학년,일반,0,1,0,0,0,4,3,5,3,4,4,3,3,2,1,1,2,1,1,1,1,4,3,3,2,5,NA,NA,NA,NA,NA,NA,NA,NA,NA,NA,4,3,2,3,4,5,2,4,4,4,NA,NA,NA,NA,NA,청년다방/떡볶기외 구성품들의 조합이 좋음/다소비싼가격,동대문엽기떡볶이 /음식에 이물질 자주발견/위생의식 강화
남,23~26,4학년,일반,1,0,1,0,0,3,4,4,3,3,4,5,4,4,4,5,3,3,4,4,2,3,4,3,4,3,NA,NA,NA,NA,NA,4,4,4,5,4,5,5,3,4,5,4,4,5,5,4,NA,NA,NA,NA,NA,두끼/취향껏 소스 만들어서 먹을수 있고 사이드로 먹을수있는것들이 있어서 물리지가 않아요/개선할 것은 딱히 없는것같아요,엽기떡볶이/기본맛도 너무 매워서 매운거 싫어하는 사람들은 시도조차 못해요/매운맛 정도를 좀더 다양하게 만들었으면 좋겠어요
여,20~22,2학년,일반,1,1,1,0,0,5,5,5,4,5,5,NA,NA,NA,NA,NA,4,3,5,5,5,4,5,5,5,5,NA,NA,NA,NA,NA,NA,NA,NA,NA,NA,NA,NA,NA,NA,NA,5,3,5,5,5,NA,NA,NA,NA,NA,모두랑/가격을 떠나 넘 맛있다 거기에 밥비비면 말이 필요없음/볶음밥에 옥수수 안넣었으면 좋겠다,NA
여,20~22,3학년,일반,1,0,0,0,0,3,4,3,3,4,4,3,3,2,2,2,4,2,3,3,4,5,2,2,2,3,3,3,3,2,3,NA,NA,NA,NA,NA,3,4,2,2,2,5,4,5,5,5,3,4,3,3,4,"청년다방, 맛있음 무조건 맛있는데가 최고",두끼 더러워서 컵을 몇번이나 바꿈 /청결하게해야할듯
남,23~26,4학년,일반,1,0,0,1,1,5,5,5,4,4,5,4,5,4,4,4,5,3,4,4,5,4,4,4,4,4,NA,NA,NA,NA,NA,4,4,4,4,4,4,5,4,4,4,5,3,4,4,5,4,4,4,4,4,두끼 / 무한리필,NA
남,23~26,4학년,일반,1,1,0,0,0,5,4,5,4,4,4,4,3,4,4,4,4,2,4,3,3,4,4,4,4,4,4,5,4,4,4,4,3,4,4,4,3,4,3,4,4,4,3,4,4,5,4,3,4,5,4,신전 떡볶이/ 제 입맛에 잘맞아서요 /잘모르겠다,없어유
남,23~26,3학년,일반,0,1,0,0,0,4,5,5,3,5,5,3,3,2,2,1,4,2,3,3,3,1,1,3,3,3,NA,NA,NA,NA,NA,NA,NA,NA,NA,NA,2,4,1,3,3,2,2,3,3,2,5,5,4,5,5,애바다/분식그자제/없음,없음
남,23~26,4학년,일반,1,1,0,0,0,5,4,3,2,3,3,4,2,4,5,4,3,3,4,5,3,5,5,3,4,5,4,3,2,3,4,5,4,4,5,5,4,3,3,3,3,5,4,4,5,5,4,4,3,3,4,청년다방/가격도 적당하고 맛도최고 양도최고 떡볶이와의 토핑이 다양해서 좋다(2인기준)/없다.,상추튀김떡볶이/조리된지오래되어서 신선하지않다/주문받고 조리해주셨으면좋겠다.
남,23~26,4학년,의대,0,0,0,0,1,5,5,5,5,5,5,5,5,5,5,5,5,5,5,5,5,5,5,5,5,5,5,5,5,5,5,5,5,5,5,5,5,5,5,5,5,5,5,5,5,5,5,5,5,5,5,두끼,없다
여,23~26,4학년,일반,0,0,0,0,1,5,4,4,3,4,3,4,5,4,4,4,5,3,3,3,4,5,4,3,3,4,3,3,3,3,3,5,5,4,4,4,4,4,3,3,4,5,4,4,4,5,4,4,3,4,3,신전 떡볶이/맛있어서/ 배달 실수 좀 줄였으면,없습니다
남,27~,4학년,일반,1,0,0,0,0,3,2,3,3,4,2,3,2,3,2,3,NA,NA,NA,NA,NA,3,2,2,4,2,NA,NA,NA,NA,NA,NA,NA,NA,NA,NA,NA,NA,NA,NA,NA,5,2,3,5,5,NA,NA,NA,2,NA,청년다방 맛있음,NA
남,23~26,4학년,일반,0,1,0,0,0,5,5,5,3,4,5,3,3,5,5,3,2,4,2,3,2,4,4,4,1,2,NA,NA,NA,NA,NA,NA,NA,NA,NA,NA,3,2,1,2,2,5,5,5,5,5,5,4,2,3,4,청년다방/떡볶이뿐만 아니라 감자튀김이 맛있다/딱히 없다,두끼 떡볶이/다른 반찬을 다양하게 뷔페식으로 즐길 수 있다는 장점이 있지만 떡볶이만을 보았을 때 별로다
여,23~26,3학년,일반,1,1,1,0,0,4,4,4,4,3,4,4,2,2,3,3,4,3,3,2,3,NA,NA,NA,NA,NA,NA,NA,NA,NA,NA,NA,NA,NA,NA,NA,2,3,1,2,1,5,3,4,4,4,NA,NA,NA,NA,NA,청년다방/ 떡볶이 메뉴가 다양하고 사이드도 다양하다,두끼/ 위생논란이 있고 가격이 생각보다 사악하다
남,23~26,4학년,일반,1,0,0,0,1,4,4,4,5,5,5,3,3,3,4,2,3,1,2,3,1,3,3,1,2,2,4,3,4,3,3,NA,NA,NA,NA,NA,2,3,2,4,2,4,1,4,4,2,NA,NA,NA,NA,NA,신전떡볶이/ 가성비가 좋고 사이드 메뉴가 괜찮다 / 다만 위생은 유명하다시피 뭐 그렇다..,"동대문엽떡 / 미친가격, 떡볶이 2만원 화의 주범 그에반해 그저그런 맛 / 가격"
남,23~26,4학년,일반,1,0,0,0,0,5,4,5,4,4,5,4,2,3,4,3,NA,NA,NA,NA,NA,4,4,3,3,3,NA,NA,NA,NA,NA,NA,NA,NA,NA,NA,3,3,2,3,2,5,3,4,4,5,3,4,2,3,3,모두랑/ 가성비 최고,NA
여,23~26,3학년,일반,1,1,1,0,0,5,3,3,2,3,3,3,4,4,3,4,4,3,3,3,5,4,3,3,1,4,NA,NA,NA,NA,NA,3,3,3,3,2,4,1,2,2,1,4,3,4,3,4,NA,NA,NA,NA,NA,모두랑/볶음밥/청결도,신전떡볶이/불친절/알바생 교육
남,23~26,6학년,의대,0,0,1,0,1,5,NA,NA,NA,NA,NA,3,4,4,4,4,NA,NA,NA,NA,NA,4,5,4,4,5,NA,NA,NA,NA,NA,NA,NA,NA,NA,NA,NA,NA,NA,NA,NA,4,1,4,4,3,NA,NA,NA,NA,NA,신전떡볶이/가격이 싼데 맛도 좋은데 양도 걸출하다/개선할 점은 없소,NA
여,23~26,4학년,일반,1,1,0,0,1,5,3,4,2,3,2,3,3,4,3,2,2,1,3,3,3,3,3,3,3,3,NA,NA,NA,NA,NA,5,5,4,5,5,2,2,2,2,2,4,4,3,4,4,2,3,3,3,3,새우락/ 튀김이 너무 맛있다. 서비스가 좋다/,모두랑/ 즉석떡볶이라 그런지 떡과 양념의 맛이 안 어울러진다.
여,23~26,4학년,일반,1,0,1,0,0,3,4,5,4,4,4,3,3,3,3,2,4,3,4,4,4,5,4,3,3,4,NA,NA,NA,NA,NA,5,4,4,3,4,3,3,2,3,3,4,3,4,4,4,3,4,3,4,3,"신전 떡볶이 / 혼자 먹기도, 여럿이서 여러 메뉴를
시키기 좋다. 가격면에서 가장 부담이 없고 떡볶이뿐만 아니라 다양한 사이드 메뉴를 먹을 수 있는 게 장점. / 배달도 자주 시키는데 배달 실수가 좀 잦은 편. ","상추튀김집 / 근처에 많이 없는 쌀떡볶이, 옛날 떡볶이집 느낌이 나지만 위생, 가격면에서 아쉬운 점이 많다. / 가격을 좀 낮추고 위생에 좀 더 신경써야할듯. "
남,23~26,4학년,일반,0,1,0,0,0,4,4,5,3,4,5,4,2,1,1,2,5,1,1,2,3,5,4,3,1,3,NA,NA,NA,NA,NA,5,4,4,5,5,3,3,1,2,3,5,3,4,4,4,NA,NA,NA,NA,NA,청년다방/토핑의 다양성&사이드/ 좁은 홀공간,"두끼/위생,,,/위생점검 필수"
여,20~22,3학년,일반,0,1,0,0,0,5,NA,NA,NA,NA,NA,NA,NA,NA,NA,NA,4,2,4,3,2,5,5,4,5,5,NA,NA,NA,NA,NA,NA,NA,NA,NA,NA,NA,NA,NA,NA,NA,5,5,5,4,5,5,5,5,5,5,신전/ 맛있고 가격도 적절함 / 김밥메뉴가 항상 차가움,사실 별로인 곳은 없는 거같다~
여,23~26,4학년,일반,1,1,0,0,0,5,5,5,5,5,5,4,3,5,5,3,5,4,5,5,4,5,5,3,3,4,NA,NA,NA,NA,NA,NA,NA,NA,NA,NA,3,5,3,4,4,5,5,5,5,5,NA,NA,NA,NA,NA,"모두랑/ 존맛탱!! 너무너무 맛있고 중독성 개쩜!!! 가격도 너무 착해,,, 나의 최애 떡볶이 집 ?? /없음",상추튀김/ 떡이 내 스타일이 아님/ 떡 두께를 얇게( 개인적인 취향입니다~! )
여,23~26,3학년,일반,1,1,0,1,1,5,5,5,3,3,4,5,5,5,5,5,5,3,4,4,4,5,5,5,4,5,NA,NA,NA,NA,NA,NA,NA,NA,NA,NA,5,5,3,3,3,5,4,5,4,4,NA,NA,NA,NA,NA,"청년다방
이유는 너무 맛있고 분위기도 깔끔하고 좋습니다
매일매일 가서 먹고싶어요!",에 있는 떡볶이 집에서 별로였었던곳은 없었다 대체적으로 다 맛있었다
남,23~26,3학년,일반,1,0,0,0,0,5,3,3,3,3,3,3,2,3,3,2,3,1,3,3,3,4,3,3,3,2,NA,NA,NA,NA,NA,4,3,3,3,3,4,2,3,3,3,4,2,3,3,3,NA,NA,NA,NA,NA,구정문 포장마차 떡볶이/가격대비 양이 매우 훌륭함/ 자주 열었으면 좋겠음,"두끼/ 본인이 해먹다보니 맛의 기별이 큼,비쌈/모르겠음"
남,23~26,3학년,일반,1,0,0,0,0,3,3,4,3,2,4,2,2,4,2,3,4,4,3,2,3,3,4,3,3,3,2,3,2,3,2,3,3,4,2,3,2,2,3,3,2,4,3,4,5,2,NA,5,3,4,3,모두랑 / 맛자체가 너무 맛있다 / 인테리어를 약간 깨끗하게 바꿨으면 좋겠다,상추튀김/맛이없다
여,27~,4학년,의대,1,1,0,0,0,5,NA,NA,NA,NA,NA,4,5,3,3,4,NA,NA,NA,NA,NA,5,5,4,5,5,NA,NA,NA,NA,NA,NA,NA,NA,NA,NA,NA,NA,NA,NA,NA,3,2,3,3,2,NA,NA,NA,NA,NA,또또분식/너무 맛있고 친절해요/없어요...진짜로,"없어요,,"
여,23~26,4학년,일반,1,1,1,1,1,5,5,4,4,3,5,5,5,4,3,4,5,5,3,3,5,5,4,4,2,3,NA,NA,NA,NA,NA,5,5,3,3,5,3,3,3,4,3,5,3,4,5,5,5,5,4,3,4,에바다떡볶이/옛날학교앞분식집에서먹는 추억의떡볶이맛이나서 너무맛있었습니다/나이가있으신부부께서운영하시는데 지금도괜찮지만 조금더 친절하게해주셨으면 더좋을것같아요,땡땡이상추튀김떡볶이/일단 직원분들이친절하기는하지만 맛측면에서 보았을때 다른떡볶이집보단 덜맛있는맛이었습니다/ 떡볶이의레시피를 조금더 색다른맛으로바꿔보면어떨까요
여,20~22,3학년,일반,1,0,1,1,0,5,4,4,4,4,5,4,3,5,5,4,5,4,5,5,5,4,4,5,4,4,NA,NA,NA,NA,NA,NA,NA,NA,NA,NA,NA,NA,NA,NA,NA,5,3,5,5,5,4,5,5,5,4,청년다방/맛있음. 특히 사이드메뉴 감자튀김/가격이 너무 비쌈ㅠㅠ,없음
여,23~26,4학년,일반,1,1,1,0,0,5,4,5,4,5,5,4,4,5,3,3,5,4,4,3,4,5,5,4,4,4,NA,NA,NA,NA,NA,4,4,4,4,4,3,4,3,4,3,4,4,5,4,4,3,4,3,3,4,"모두랑 / 친절하시고 학생들에 부담이 가지 않는 선에서, 가성바 좋은 것 같다",상추튀김 / 밤 늦게 갔는데 떡볶이 위에 뭐 가리지도 않고 방치해둔 점이 불편했다 
여,20~22,3학년,일반,1,1,1,0,0,5,4,4,3,3,3,4,2,3,3,2,4,4,4,3,4,5,5,4,3,5,NA,NA,NA,NA,NA,4,4,3,3,4,3,3,3,4,2,5,3,4,4,5,4,3,3,3,3,청년다방/가격이 좀 비싸도 양도 많고 맛도 평범하지않아서 너무 맛있다. 그리고 사이드 메뉴인 감자튀김하고의 조화도 너무 좋아서 자주 찾게 되는 것 같다 그리고 서비스도 직접 오셔서 해주시는 부분이 세심하다는 느낌을 받았다/딱히 없지만 웨이팅이 길다,두끼/무한리필이라고 해도 너무 비싼 것 같은 느낌임 튀김 종류도 생각보다 많지않고 그리고 사람이 많아서 그런가 튀김이 차있지 않을 때가 많았음/할인행사를 했으면 자주 이용할 것 같다. 튀김을 자주자주 채워줬으면 좋겠다
여,23~26,4학년,일반,1,0,1,1,1,5,3,4,4,4,4,4,3,4,4,4,4,3,4,4,4,4,3,3,3,3,NA,NA,NA,NA,NA,NA,NA,NA,NA,NA,3,2,2,3,2,5,4,4,4,5,4,4,4,4,4,"청년다방/가격대비 나쁘지 않고, 계속해서 새로운 메뉴를 출시하고자 하는 점이 마음에 든다. 신 메뉴 또한 맛이 좋다! / 개선점: 떡볶이 양념의 일관성? 이 떨어지는 것 같다. 최근 청다를 방문했을 때 양념이 조금 매웠다.","상추튀김: 가격에 비해 맛과 질이 떨어지는 거 같다. 하지만 튀김은 맛있다! 튀김을 먹고 싶을 때 방문 계획이다,,??"
여,23~26,4학년,일반,1,1,1,1,1,4,4,4,3,4,4,4,4,4,4,4,5,4,4,4,5,5,4,4,4,4,NA,NA,NA,NA,NA,NA,NA,NA,NA,NA,NA,NA,NA,NA,NA,5,4,4,4,4,NA,NA,NA,NA,NA,불스떡볶이/치킨세트가있다/가까운데 생기면 좋겠다,맛있으면 별로는 아닌듯
남,20~22,3학년,일반,1,0,0,1,0,5,3,4,3,5,4,5,3,5,4,5,5,2,4,4,3,4,5,4,3,5,NA,NA,NA,NA,NA,4,4,4,5,5,2,4,2,3,2,5,3,5,5,5,4,4,4,5,5,에바다떡볶이! 저는 떡볶이 먹으러가서 순대나 김밥 이런거랑 먹는 옛날스타일 떡볶이들이 좋음 제가 잘 아는건아니지만 청결도만 아주 살짝 올려주셨음 하는 느낌? 그리고 는 아니지만 집앞에 감탄떡볶이를 좋아함!,"상추튀김은 2번가고 재방문 안하는중.. 딱히 맛이 있지 않으며 가격이 막 비싼것같진 않은데 양이나 청결등등 종합적으로 따져볼때 좀 별로인듯..
"
여,20~22,3학년,일반,1,0,1,1,0,5,4,5,2,3,4,3,2,3,3,2,3,2,3,3,1,4,4,4,3,5,NA,NA,NA,NA,NA,NA,NA,NA,NA,NA,NA,NA,NA,NA,NA,5,4,4,4,5,NA,NA,NA,NA,NA,청년다방/떡볶이존맛+적당한가격+사이드존맛+친절/요구사항 존재시 직원에게 이야기 하기 어려움(?),두끼/1인당높은 가격대+그럭저럭한맛/튀김류가 별로였던 기억+ 자리가 불편함
남,23~26,4학년,일반,1,1,0,0,0,5,4,5,3,4,4,3,4,2,3,3,5,4,4,3,4,4,4,3,3,4,NA,NA,NA,NA,NA,4,2,3,3,4,2,3,3,3,2,4,3,3,3,2,NA,NA,NA,NA,NA,엽기떡볶이/매운데 맛있어서/이벤트가 너무 없다,두끼/책상 위생상태가 더러웠다/맛은 둘째치고 청소를 했으면 좋겠다
여,23~26,4학년,일반,0,1,0,0,1,5,4,4,3,2,3,4,4,4,4,4,3,2,2,2,2,4,5,2,2,3,3,3,3,3,3,2,4,3,3,3,3,4,2,3,2,4,3,4,3,3,NA,NA,NA,NA,NA,"역전할머니 떡볶이/ 제일 맛있음, 생맥도 마실 수 있음/ 치즈 안올려 달라고 요청 가능했으면 ",상추튀김/ 위생이 별로였음 / 위생만 괜찮다면 합리적임
여,23~26,5학년,일반,1,1,0,0,1,5,4,4,3,4,5,2,4,3,3,3,4,4,3,4,5,4,5,3,3,5,NA,NA,NA,NA,NA,NA,NA,NA,NA,NA,3,5,3,3,3,4,4,3,4,5,NA,NA,NA,NA,NA,모두랑/프랜차이즈가 아니면서도 맛있고 가격대가 나쁘지않아서 좋음/,두끼/ 무한리필이라 가성비는 있지만 정리정돈 안되어 있는 느낌이었음/ 깔끔한 느낌이 들게 정리되어있다면 좋을듯 함. 
여,20~22,2학년,일반,1,1,0,1,1,5,NA,NA,NA,NA,NA,4,4,4,4,4,4,4,4,4,4,4,3,4,4,3,NA,NA,NA,NA,NA,NA,NA,NA,NA,NA,4,2,4,4,4,5,4,4,4,5,3,3,4,3,4,"청년다방/가격 대비 양과 맛이 가장 훌륭했던 것 같아요. 가게는 비좁지만 주문량이 많아 오래 기다릴까 걱정했는데, 서빙해주시는 알바분들이 엄청 바쁘게 일해주셔서 음식도 준비도 빨리빨리 이루어졌어요.",에바다떡볶이/동네마다 물가의 차이는 있겠지만 배민에서도 2500원에 주문할 수 있는 1인분 양의 떡볶이인데 4000원씩이나 해서 가격이 좀 비싼편이라고 느꼈어요. 맛은 프랜차이즈 맛이 아니라 학교 앞 분식집 맛이라 좋았는데 전체적인 메뉴판의 가격들이 양에 비해 좀 비싸다고 생각이 들었어요. 튀김도 개별선택이아니라 튀김세트로 묶어서 팔아 가격이 좀 큰 것도 부담이었습니다. 기분이 그날 안좋으셨는진 모르겠지만 웃으며 말 걸어도 주인아주머니께선 대답 안해주시고 무표정이셔서 조금 민망했던 기억이 나네요../재방문 의사는 딱히 없어요. 그 가격의 그 양이어도 맛있으면 괜찮은데 너무 기대를 한 탓인지 그만큼 맛있다고 느껴지진 않았어요. 가격을 낮추시거나 양을 늘이시거나만해도 만족도는 어느정도 올라갈 듯..?
여,20~22,3학년,일반,1,1,0,0,0,4,5,5,3,3,5,NA,NA,NA,NA,NA,4,3,4,3,3,5,4,4,3,5,NA,NA,NA,NA,NA,4,3,4,5,5,NA,NA,NA,NA,NA,4,3,4,4,3,NA,NA,NA,NA,NA,모두랑/볶음밥/청결,엽떡/맛/맛
여,23~26,4학년,일반,1,1,1,0,0,4,4,4,3,4,3,3,3,3,4,2,3,2,3,3,4,3,3,2,2,3,NA,NA,NA,NA,NA,NA,NA,NA,NA,NA,4,2,2,3,2,4,2,4,4,4,NA,NA,NA,NA,NA,NA,NA
여,27~,4학년,의대,1,1,0,1,0,4,3,3,2,3,2,4,5,5,4,4,NA,NA,NA,NA,NA,4,4,4,4,4,NA,NA,NA,NA,NA,NA,NA,NA,NA,NA,4,5,3,3,5,NA,NA,NA,NA,NA,NA,NA,NA,NA,NA,상추튀김/김밥이맛있음/떡볶이가 맛이없음,"모두랑/가게내부인테리어와 청결도,맛도썩"
여,23~26,6학년,일반,1,0,0,0,0,4,2,3,3,3,2,4,3,3,3,4,4,3,3,4,3,3,4,3,3,2,NA,NA,NA,NA,NA,3,3,4,4,4,2,3,3,4,2,4,3,4,4,4,4,3,3,3,4,"두끼,에바다/함께 먹을수있는메뉴들이많음","땡땡이상추튀김/떡볶이가 맛없음, 모두랑/ 맛이없음 내 스타일이 아님"
여,23~26,4학년,일반,1,0,0,0,0,5,4,5,3,3,4,5,4,3,3,4,4,4,4,3,4,4,4,3,2,3,NA,NA,NA,NA,NA,NA,NA,NA,NA,NA,3,3,4,4,3,4,4,4,4,4,NA,NA,NA,NA,NA,모두랑 / 가성비 좋음,땡땡이 상추튀김 / 양념이 떡 속까지 안스며듦
여,20~22,3학년,일반,1,1,0,0,0,5,4,4,3,3,3,3,2,4,4,2,5,3,4,4,5,5,4,2,3,5,NA,NA,NA,NA,NA,NA,NA,NA,NA,NA,4,5,2,3,4,5,3,4,4,5,5,5,3,4,5,NA,NA
남,27~,4학년,의대,0,1,0,0,0,4,NA,NA,NA,NA,NA,NA,NA,NA,NA,NA,4,3,4,3,4,NA,NA,NA,NA,NA,NA,NA,NA,NA,NA,NA,NA,NA,NA,NA,NA,NA,NA,NA,NA,4,4,4,3,4,NA,NA,NA,NA,NA,청년다방 맛있었습니다. 개선점은 딱히 모르겠습니다~~,없습니다.
여,23~26,3학년,일반,1,0,0,0,1,5,4,5,4,4,5,3,3,2,3,3,3,2,3,3,3,4,4,3,3,3,NA,NA,NA,NA,NA,NA,NA,NA,NA,NA,NA,NA,NA,NA,NA,NA,NA,NA,NA,NA,NA,NA,NA,NA,NA,모두랑 / 엽떡이 떡볶이 가격 다 올려놔서 떡볶이 엥간한 곳은 만원 넘는데 여기는 둘이 가서 볶음밥까지 먹어도 합쳐서 만원이 안 나옴 그리고 무식하게 매운 떡볶이도 아니고 사리도 다양하고 맛있음 / 딱히 없는듯 오래된 집은 오래된 이유가 있음,두끼 / 사리랑 관리 잘 안 되는 것 같음 싼맛에 가는 곳인데 튀김도 바로 바로 안 채워주고 값도 쫌쫌따리 오르고 위생도 잘 모르겠음 / 그냥 여기 안 가고 혁신점 가는 게 나아요...
남,27~,6학년,일반,1,1,0,0,1,4,4,5,4,4,5,5,3,4,3,4,3,3,4,3,3,5,4,4,3,4,4,3,3,4,3,4,4,3,4,3,4,4,2,3,3,4,3,4,2,3,4,3,3,4,3,모두랑이 그나마 제일 기억에 남음 떡볶이 전문점이였습니다. 맛도 괜찮고 제가 원하는 재료를 선택해서 넣어 먹는 취향에 따라 가지각색 즐길 수 있었습니다. 아쉬운 부분은 현금결제하도록 유도하는 듯한 행동을 보일 때가 있어보여서 그것은 좀 아쉬웠고 조리시 떡볶이 국물이 많이 튀어올라 옷에 묻을 때도 있어서 까다로운 점이 있었습니다. 현금결제는 유도하지 않더라도 사람들이 할인을 받고 먹을 수 있다는 사실을 알면 알아서 할 것이기 때문에 굳이 유도할 필요는 없을 것 같고 국물이 튀어오르는 것을 대응하기 위해서는 좀 더 큰 앞치마가 필요하다고 생각합니다.,엽기떡볶이는 사실 아주 맛없지는 않지만 시키거나 가서 먹을 때마다 맛이 다른 느낌을 받았습니다. 조리 시 정량대로 조리한다면 그럴 일이 없을 것이라고 생각하는데 같은 맛을 시켜도 매번 다르고 심지어 싱거울 때도 있어서 별로라고 생각했습니다. 조리 시 주의하여 조리하여 매번 양이 다르거나 싱거워지는 것을 막아야 할 것 같습니다.
남,20~22,3학년,일반,1,0,1,0,1,5,NA,NA,NA,NA,NA,4,5,4,4,4,5,3,3,3,3,5,5,3,3,4,NA,NA,NA,NA,NA,NA,NA,NA,NA,NA,5,5,2,5,4,5,4,5,5,5,NA,NA,NA,NA,NA,상추튀김/이모님들이 너무 친절하고 옛날의 추억이 가득한 맛 그대로!/식사로 먹고가기에 약간 좁았던 감이 있어서 그점이 아쉽ㅠㅠ,"신전/일단은 직원중에 한분이 좀 불친절했던 적이 있는데 에타나 말 들어보니까 한분이 유독 그러시는것 같음,, 청결도는 그럭저럭인편...? 매장말고 배달만 시켜먹는게 나을법도 함.../손님 응대만 좀 고치면 될듯!"
여,27~,4학년,의대,1,1,1,0,0,3,NA,NA,NA,NA,NA,4,2,3,2,4,NA,NA,NA,NA,NA,NA,NA,NA,NA,NA,NA,NA,NA,NA,NA,NA,NA,NA,NA,NA,NA,NA,NA,NA,NA,5,2,3,4,5,NA,NA,NA,NA,NA,NA,NA
여,20~22,2학년,일반,1,0,0,1,0,5,4,3,3,4,4,4,2,4,3,3,4,4,2,4,4,NA,NA,NA,NA,NA,NA,NA,NA,NA,NA,NA,NA,NA,NA,NA,NA,NA,NA,NA,NA,NA,NA,NA,NA,NA,NA,NA,NA,NA,NA,"두끼, 여러 가지 맛의 떡볶이를 먹을수 있다, 가격이 그렇게 싼 편은 아니어서 많이 아쉽고 튀김도 나오는 시간이 다르기 때문에 딱딱한 튀김들도 있어서 좀 아쉬웠다",NA
남,20~22,2학년,일반,1,0,0,0,0,5,2,3,3,4,2,NA,NA,NA,NA,NA,4,4,4,4,4,5,5,5,5,5,NA,NA,NA,NA,NA,NA,NA,NA,NA,NA,NA,NA,NA,NA,NA,4,4,4,4,4,NA,NA,NA,NA,NA,신전/국물이 맛있음/없음,모두랑
여,23~26,4학년,일반,1,0,1,1,1,4,3,4,2,3,3,4,3,2,2,3,4,4,3,1,3,4,4,3,2,3,NA,NA,NA,NA,NA,3,2,2,3,3,2,3,2,3,2,4,3,4,4,4,2,2,2,3,2,"청년다방/맛있기도 하고, 화장실 왔다갔다 하면서 직원들 보면 다들 마스크도 다 쓰고 다른 떡볶이집 주방들 보다 훨씬 밝고 청결한 것 같아요!!? 그리고 사장님도 친절하셨어요!:-)/혼자먹기엔 사악한 가격. 일인분이 없고...(3~4인 가야 세트로 가성비 좋게 먹는 것 같아요!)","모두랑/가격 저렴한 것 제외하고는 딱히 ‘맛있다’라는 표현을 쓰기엔 적절하지 않아요. 그리고 양을 보면 가격도 엄청 싸진 않아요.. 또 청결한지 잘 모르겠어요... 이모가 살갑게 인사해주는 것만 좋았네요??/청결도, 맛 2가지는 꼭 개선했으면 좋겠어요 ㅠㅠ"
여,23~26,4학년,일반,1,1,0,0,1,5,2,4,2,3,1,3,3,4,4,3,5,5,4,5,5,5,5,3,2,5,NA,NA,NA,NA,NA,3,3,3,3,2,2,3,1,3,2,4,3,4,5,4,2,3,2,3,1,신전떡볶이/주관적이지만내기준떡볶이원탑ㅠㅠ치즈떡볶이 신전치즈김밥 고구마치즈볼 조합 대박미쳐버려/청결위생상태가 별로라는 얘기 많이 들음...,상추튀김떡볶이/개취이지만물엿맛이너무강해요 튀김 쌓아놓고 파는거 더러워보여요..그리고 너무 좁고 사람은 많아서
여,23~26,4학년,의대,1,1,1,1,0,5,4,5,3,5,5,NA,NA,NA,NA,NA,5,3,3,3,5,5,4,3,4,5,NA,NA,NA,NA,NA,5,5,5,5,5,2,3,2,3,2,3,3,3,3,4,NA,NA,NA,NA,NA,새우락/튀김과 떡볶이 조합이 훌륭하다/많이 팔아주요~~~~~~~~,"땡땡이/떡볶이 맛이 별로다, 튀김이 오래된 거 같다/레시피개발이 필요할거같다"
남,23~26,4학년,일반,1,1,0,0,0,4,5,4,2,3,5,3,2,4,4,3,4,1,3,3,4,5,4,4,4,5,3,3,4,4,3,5,5,3,4,5,4,5,1,3,4,4,2,5,5,4,3,4,2,3,3,"새우락, 합리적인 가격과 양","에바다, 다른 떡볶이집들에 비해 장점을 느끼지 못하겠음 같은 금액이면 다른데서 먹지 이런느낌"
여,27~,4학년,의대,1,1,1,0,1,5,2,3,2,3,3,4,4,4,4,4,5,3,3,4,5,4,5,2,2,3,NA,NA,NA,NA,NA,NA,NA,NA,NA,NA,3,4,2,3,3,4,3,4,4,4,NA,NA,NA,NA,NA,"동대문엽기떡볶이/엽떡은 항상 옳습니다../체인점도 매장 단위 개선이 가능한가요? 그렇다면 2인엽떡도 초보맛이랑 배달 가능하게 해주세요,,",모두랑/유명세에 비해 크게 맛있다고 느껴지지 않았고 청결하다는 느낌도 없었다
여,20~22,2학년,일반,0,1,0,0,1,4,4,5,5,4,4,5,5,5,4,5,NA,NA,NA,NA,NA,5,4,3,3,4,NA,NA,NA,NA,NA,NA,NA,NA,NA,NA,3,4,3,3,2,5,3,5,5,5,NA,NA,NA,NA,NA,두끼/ 자기가 원하는 토핑을 선택 할 수 있고 무엇보다 떡볶이 육수가 맛있다/ x,"옛날상추튀김/ 떡볶이가 오래된거에 물을 계속 타서 쓰는거 같은 느낌 , 떡이 너무 물렁 거리고 맛 없음"
여,23~26,4학년,일반,1,1,0,0,1,4,5,5,4,5,5,5,4,4,4,5,5,4,4,4,5,4,5,3,3,4,NA,NA,NA,NA,NA,NA,NA,NA,NA,NA,3,3,2,2,2,5,4,4,5,5,5,4,5,5,5,모두랑 / 많이 자극적이지도 않고 맛있어요,상추튀김/ 유명한 거에 비해 그렇게 맛있진 않았어요/ 위생적인 부분
여,23~26,4학년,일반,1,0,1,0,1,5,5,5,3,5,5,4,3,5,5,3,4,2,3,4,3,4,3,3,2,3,NA,NA,NA,NA,NA,4,4,4,4,4,4,4,3,4,3,4,3,4,4,2,NA,NA,NA,NA,NA,모두랑/맛있음. 볶음밥최고/테이블포함 가게 내부가 깔끔하진 않은 느낌,신전떡볶이/맛있지만 불친절함
여,23~26,5학년,일반,1,1,0,0,0,4,4,4,4,4,4,NA,NA,NA,NA,NA,4,3,4,4,3,4,4,3,3,3,NA,NA,NA,NA,NA,4,3,4,4,3,2,3,4,4,2,4,3,4,4,4,4,4,4,4,3,청년다방/너무 맵지 않고 떡이 쫄깃쫄깃해서,상추튀김/맛이 없어서/떡이 딱딱함
여,23~26,3학년,일반,1,0,1,0,1,5,4,5,3,3,4,4,3,5,4,4,1,1,1,3,1,3,3,3,3,2,NA,NA,NA,NA,NA,NA,NA,NA,NA,NA,NA,NA,NA,NA,NA,NA,NA,NA,NA,NA,NA,NA,NA,NA,NA,모두랑/가격이 적절하고 후식 볶음밥이 맛있음/혼자 먹기 힘들어서 1인 메뉴가 있으면 좋겠음,동대문엽기떡볶이/비싸고 재료도 질이 낮았으며 음식이 너무 늦게 나옴/식재료 질과 홀 서빙속도 개선
여,20~22,3학년,일반,1,1,1,1,1,5,3,5,4,4,3,2,3,3,3,2,4,2,3,4,3,3,4,2,3,3,NA,NA,NA,NA,NA,NA,NA,NA,NA,NA,NA,NA,NA,NA,NA,5,3,4,4,4,NA,NA,NA,NA,NA,"청년다방/다양한 종류의 떡볶이가 많음, 맵기 조절 가능하여 자주 찾는다./여러명이서 먹는 것을 고려하여 매운맛, 순한맛 반반이 있으면 좋겠다(반반 훠궈냄비 등을 이용하면 가능할 듯)","두끼/가격, 맛 괜찮았으나 개인적으로 많이 먹지 못하기 때문에 살짝 부담이 갔다. 또한, 다같이 먹고, 여러가지를 섞을 수 있는 뷔페 특성상 진한 떡볶이 맛을 해쳤다는 생각이 들었다./가격을 조금 내려서 포장을 하면 코로나 시국에 더 좋지 않을까 싶다."
여,23~26,4학년,일반,1,1,0,0,0,5,4,3,3,3,4,3,3,2,3,4,4,2,3,3,4,4,4,2,3,3,NA,NA,NA,NA,NA,5,4,4,4,5,2,3,2,3,3,5,3,4,4,4,4,5,4,4,4,NA,개인적으로 땡땡이 상추튀김 떡이 너무 맛없고 달았습니다ㅜㅜ 주변 친구들도 떡을 바꿔야 할거같다고 했음.. 아니면 차라리 범벅 메뉴를 업그레이드 하는 건 어떠신지..
여,20~22,3학년,일반,1,0,1,1,1,4,5,4,3,3,4,5,4,4,4,4,5,4,4,4,4,4,5,4,4,4,NA,NA,NA,NA,NA,NA,NA,NA,NA,NA,4,4,3,4,4,5,3,4,5,3,NA,NA,NA,NA,NA,모두랑/가격이 적정선이고 맛도 좋다/청결도가 여타 프랜차이즈 음식점에 비해 떨어진다고 생각한다,청년다방/가격도 부담되고 기대했던 것만큼 맛이 좋지 않다/맛이나 가격 면에서 개선되었으면 좋겠다
여,20~22,2학년,의대,1,1,0,0,0,4,5,5,5,5,5,5,4,5,4,5,NA,NA,NA,NA,NA,NA,NA,NA,NA,NA,NA,NA,NA,NA,NA,NA,NA,NA,NA,NA,3,3,3,3,2,5,3,5,5,4,NA,NA,NA,NA,NA,모두랑/가성비가 좋았다/없음,NA
여,20~22,2학년,일반,1,1,0,0,0,5,5,5,4,3,4,4,4,5,5,5,3,2,4,5,2,5,5,5,5,5,NA,NA,NA,NA,NA,NA,NA,NA,NA,NA,4,4,3,5,3,5,5,5,5,5,4,4,4,3,2,신전떡볶이/저렴하면서 서비스가 좋다/덜 매운맛이 나오면 좋겠다.,옛날상추튀김떡볶이/살짝위생이 의심된다/ 깨끗하게 관리해줬으면 좋겠다.
남,20~22,3학년,일반,1,0,0,0,0,4,NA,NA,NA,NA,NA,4,2,4,4,3,NA,NA,NA,NA,NA,NA,NA,NA,NA,NA,NA,NA,NA,NA,NA,NA,NA,NA,NA,NA,NA,NA,NA,NA,NA,4,4,4,4,4,NA,NA,NA,NA,NA,"청년다방, 가격과 양이 적당하고 맛있음",NA
남,23~26,3학년,일반,1,0,1,0,1,5,4,5,3,4,4,3,3,4,4,3,3,3,4,4,3,4,3,4,3,4,NA,NA,NA,NA,NA,NA,NA,NA,NA,NA,4,4,3,3,4,5,4,4,4,5,4,3,4,4,4,청년다방/다양한 서브메뉴/가격,두끼/타 지점과 차이
여,27~,5학년,의대,1,0,0,0,0,2,5,5,3,5,3,NA,NA,NA,NA,NA,NA,NA,NA,NA,NA,NA,NA,NA,NA,NA,NA,NA,NA,NA,NA,NA,NA,NA,NA,NA,3,3,1,3,1,5,1,4,3,3,NA,NA,NA,NA,NA,맛있음,상추튀김/너무좁다 네명이앉으니 답답/리모델링
여,23~26,4학년,일반,1,1,0,0,1,4,NA,NA,NA,NA,NA,3,2,2,3,3,4,3,3,4,4,4,4,4,4,4,NA,NA,NA,NA,NA,5,5,5,5,5,4,3,1,4,3,5,4,4,4,5,4,4,3,3,3,새우락/맛있고 친절했다/맵찔이라 매워서 조금 더 안매운 맛 있었으면 좋겠다,상추튀김/더러워요 .. 청결이../ 맛은 있는데 청결때문에 별로였어서 청결 바뀌면 갈 것 같아요
여,20~22,2학년,일반,1,0,0,0,0,5,NA,NA,NA,NA,NA,2,4,4,4,2,4,3,3,4,3,5,4,4,4,5,NA,NA,NA,NA,NA,NA,NA,NA,NA,NA,3,4,3,4,4,3,2,4,4,3,NA,NA,NA,NA,NA,"신전떡볶이/입맛에 제일 맞고, 혼자 먹고싶을 때 1인분씩 사다먹을 수 있어서/가격이 조금 비싸다는거","두끼떡볶이/가격은 싸지만 맛이 없음,,/ 레시피가 써있었으면 좋겠다"
여,20~22,2학년,일반,1,0,0,0,1,5,5,5,4,4,5,2,3,4,3,3,5,3,4,4,5,4,4,4,4,4,NA,NA,NA,NA,NA,NA,NA,NA,NA,NA,2,4,2,3,2,5,3,4,5,4,NA,NA,NA,NA,NA,모두랑/ 맛도 가성비도 최고인 떡볶이집! 싼 가격에 든든하게 떡볶이를 양껏 맛있게 먹을 수 있다! / 개선점은 서비스가 조금 더 좋았음 좋겠다! 직원의 태도나 안내하는 방법 그리고 청결도 조금만 더 신경쓰면 완벽한 떡볶이집이 될듯,"땡땡이 상추튀김 / 노맛.. 위생상태 매우 불량.. 떡볶이는 그냥 무난한 일반 쌀떡인데 튀김이 좀 심하다 씹으면 기름 쩐내와 함께 기름들이 쭉 나온다 눅눅 그 자체고 튀김이 진짜 별로다.. 떡볶이도 노맛 굳이 내돈내고 사먹고싶진 않음 위생상태 개별로 파리도 엄청나오고 딱 봐도 더러워보임 가격도 맛에비해 비쌈 / 맛, 위생, 가격 모든 것을 개선해야함:"
여,23~26,4학년,일반,1,0,0,1,0,2,5,5,2,4,5,4,4,4,2,3,3,1,3,3,2,3,4,3,2,4,NA,NA,NA,NA,NA,NA,NA,NA,NA,NA,3,2,3,4,4,4,3,3,3,4,4,4,3,3,5,모두랑/저렴하지만 맛있다. 사리 다양,엽떡/비싸기만 하고 그저 그런..
남,23~26,4학년,일반,1,1,0,0,0,4,5,5,3,4,4,4,4,5,4,4,4,3,3,3,3,3,4,3,3,4,NA,NA,NA,NA,NA,NA,NA,NA,NA,NA,3,3,3,3,2,5,4,4,4,5,4,4,3,4,4,모두랑/ 싼 가격에 맛있는 음식 / 음식이 담겨서 나오는 냄비의 청결도가 약간 걱정,상추튀김 / 친절도와 청결도 / 친절도와 청결도
여,27~,5학년,일반,1,0,0,0,1,5,5,5,3,3,5,5,3,5,4,4,5,3,2,2,3,3,4,1,1,3,NA,NA,NA,NA,NA,NA,NA,NA,NA,NA,NA,NA,NA,NA,NA,5,5,5,5,5,NA,NA,NA,NA,NA,모두랑/맛있고 가성비가 좋음/계산할때 친절하게 해주시면 더 좋을것 같아요,신전떡볶이/불친절하고 비위생적임
여,20~22,3학년,일반,1,1,0,0,1,5,3,4,2,2,3,4,4,3,3,3,3,3,3,2,2,3,4,2,2,3,NA,NA,NA,NA,NA,NA,NA,NA,NA,NA,2,2,2,3,2,4,4,4,4,4,2,3,3,3,3,NA,NA
여,20~22,2학년,일반,1,0,1,1,1,4,NA,NA,NA,NA,NA,3,3,4,5,4,4,2,4,4,5,4,5,4,4,5,NA,NA,NA,NA,NA,4,4,4,4,4,3,4,2,4,3,5,3,4,4,4,NA,NA,NA,NA,NA,청년다방/맛있고 세트메뉴 구성이 좋다/x,상추튀김/비위생적임 유명해서 기대했는데 어묵통에 담겨있던 국자로 국물을 맛보시고 다시 통에 담구는 모습을 보고 밥맛이 떨어짐/위생관리
남,20~22,2학년,일반,0,1,0,0,0,3,4,4,4,4,4,2,2,3,4,3,4,1,3,2,3,4,2,4,4,4,NA,NA,NA,NA,NA,NA,NA,NA,NA,NA,NA,NA,NA,NA,NA,4,2,4,3,4,NA,NA,NA,NA,NA,모두랑 전골처럼먹는게좋음 딱히 개선점은 모르겠음,딱히...?
여,27~,5학년,일반,1,1,0,1,1,5,5,5,4,5,5,3,3,3,3,3,4,4,3,4,3,4,4,3,3,3,4,4,4,4,4,4,4,4,4,4,5,4,3,3,4,5,5,4,4,4,5,5,5,5,5,에바다/사장님도 친절하시고 우선 즉석떡볶이 맛이아니라 어릴때 먹은 학교분식점맛이난다/ 돈많이벌으셔서 가게커졌으면 좋겠다.,신전떡볶이/ 맛은있다 하지만 배달과같이 하다보니 뭔가 빠르게먹고나가야할 것같아 가끔 식사시간때 먹으면 눈치보일때도있다/ 배달전문점과 홀과배달같이하는건지를 구분을 잘 두셨으면좋겠다.
여,23~26,5학년,의대,0,1,0,0,0,5,5,5,5,5,5,3,3,3,3,3,5,5,5,5,5,5,5,5,5,5,NA,NA,NA,NA,NA,NA,NA,NA,NA,NA,NA,NA,NA,NA,NA,2,2,2,2,2,5,5,5,5,5,"모두랑/클래식한데 뭔가 다른 맛, 맵지 않은데 이렇게 맛있기도 어렵다/볶음밥 볶아주실 때 먹던 숟가락으로 볶아주시는거..",두끼/맛잇게 만들기 힘들다/내 손이 문젠가보다
여,23~26,4학년,일반,1,0,1,1,0,5,2,2,2,2,1,4,4,4,4,3,4,3,3,4,4,4,4,3,4,4,NA,NA,NA,NA,NA,4,3,3,3,3,3,3,2,2,3,4,3,3,3,3,NA,NA,NA,NA,NA,동대문 엽떡/맛과 위생/없음,모두랑/청결도가 떨어짐/더 위생에 신경썼으면 
남,27~,3학년,일반,0,1,0,0,0,5,5,5,4,4,5,4,3,4,3,3,5,2,3,3,3,4,4,3,3,4,NA,NA,NA,NA,NA,5,5,3,5,5,2,3,2,4,2,NA,NA,NA,NA,NA,NA,NA,NA,NA,NA,"모두랑, 새우락 / 가성비가 좋고 맛이 탁월하다/ 완벽.",상추튀김-비위생적이고 맛은 그냥저냥
여,23~26,3학년,일반,1,1,0,0,0,5,4,4,3,4,5,4,3,4,3,5,4,3,3,3,5,5,4,3,3,5,4,3,3,4,5,3,3,4,4,5,4,3,3,4,5,4,3,4,4,5,4,3,3,4,5,두끼/자유롭게 골라먹을수 있음/,NA
남,27~,4학년,일반,1,1,0,0,0,4,5,4,3,4,4,3,4,4,2,3,4,3,4,3,3,3,4,3,3,3,4,3,4,4,4,NA,NA,NA,NA,NA,3,2,1,1,2,3,3,4,4,2,2,3,2,3,2,모두랑/대학입학과 졸업예정까지 계속간집이라서요/인테리어..,상추튀김집/청결.인테리어.접대/ 다 안좋은데 환풍기 먼지 엄청많고 행주만지고 김밥썰때 부터 안가게됬어요
여,23~26,4학년,일반,1,1,0,0,0,4,5,5,4,5,5,4,4,4,4,5,3,2,5,3,4,4,4,3,3,5,NA,NA,NA,NA,NA,NA,NA,NA,NA,NA,3,4,2,4,3,5,4,4,4,5,NA,NA,NA,NA,NA,그나마 모두랑 떡볶이 / 떡의 쫄깃함이 어나더레벨,NA
여,23~26,4학년,일반,1,1,1,1,1,5,4,5,3,3,4,4,3,4,4,3,4,3,2,2,2,4,4,3,3,3,NA,NA,NA,NA,NA,5,3,4,3,4,NA,NA,NA,NA,NA,4,3,4,4,4,3,4,4,3,3,"모두랑 떡볶이/ 친구들과 즐겁게 먹을 수 있는 즉석 떡볶이집. 맛있는 떡볶이를 착한 가격에 즐길 수 있다. 전체적으로 달달하고 맵지 않아서 누구나 무난하게 즐길 수 있는 소스, 통통하고 말랑한 떡이 조화롭다. 식후에는 볶음밥을 먹을 수 있는데, 모두랑에서 볶음밥 안 먹고 나오는 사람이 제일 어리석다는 말이 있을 정도로 맛있다. 콘옥수수가 들어가서 옥수수향과 달콤한 맛, 톡톡 터지는 식감이 더해져서 주기적으로 먹어줘야 한다./ 매장이 무척 넓지는 않아서 한 번씩 웨이팅을 해야 하는데 그 정도는 감수할 수 있다. 그리고 냄비가 엄청 깨끗해보이지는 않아서 신경쓰인다. ","동대문엽기떡볶이/ 엽떡 자체가 인기가 많다보니 주문해서 받기까지의 시간이 무척 오래 걸린다. 지금은 코로나라서 어떨지 모르겠지만 전에 방문 했을 때는, 바쁜 매장에 비해 알바생을 너무 적게 쓰는 것 같았다. 그리고 학생들에게 소문이 그렇게 좋지 않은데.. 이건 소문이니까 넘어가도록 하겠다./ 바쁘면 알바생을 충원하였으면 좋겠고, 위생에도 조금 더 신경써주면 좋겠다."
여,20~22,2학년,일반,1,1,0,0,0,5,4,4,3,4,4,5,5,4,4,5,3,3,3,2,2,4,4,3,2,2,NA,NA,NA,NA,NA,5,5,3,5,4,3,4,2,3,1,4,3,4,4,4,NA,NA,NA,NA,NA,"두끼/무한리필로 가격 저렴, 맛있음, 여러가지 음식을 조리해 먹을 수 있음/ 손님 많은데 매장관리가 잘 안되는듯. 다떨어진 음식 채우는데 오래걸림","상추튀김/음식 만든지 오래된 느낌, 청결하지 못함/ 그냥 별로다..."
남,20~22,2학년,일반,1,0,1,0,1,5,3,5,4,4,3,3,4,4,4,2,5,3,5,4,5,5,5,5,4,5,NA,NA,NA,NA,NA,NA,NA,NA,NA,NA,2,4,2,4,4,4,4,5,4,4,NA,NA,NA,NA,NA,"엽기떡볶이/맛은 프렌차이즈 특성상 검증되어있는데 가끔 맛없다고 하는 가게들이 있다. 그렇지만 점은 깔끔하고 맛도 좋다./가끔 떡볶이 아래부분에서 씁스름한 맛이나고, 탄건가? 라는 생각이 나는 경우가 있었다. 원인 파악과 적절한 조치가 필요하다고 생각된다.","땡땡이상추튀김/사실 요즘 트렌디한 떡볶이보다 이런 가게나 또또분식 같은 클래식한 떡볶이를 좋아하는데 이집은 영 맛이없다. 확끌리는 무언가가 전혀 없다...그리고 튀김을 하루에 많이 튀기는건 알고 있는 사실이지만, 기름 색깔보면 주방의 청결상태까지 의심하게되는 수준이다./ 적절한 기름 교체, 떡볶이 맛 개선"
남,23~26,6학년,의대,1,1,0,0,0,3,NA,NA,NA,NA,NA,3,3,4,3,2,NA,NA,NA,NA,NA,4,4,3,3,3,NA,NA,NA,NA,NA,NA,NA,NA,NA,NA,NA,NA,NA,NA,NA,5,4,4,4,5,NA,NA,NA,NA,NA,청년다방/치즈감튀존맛탱,NA
여,23~26,4학년,일반,1,0,0,0,1,4,5,5,4,4,5,4,4,5,5,5,NA,NA,NA,NA,NA,4,5,4,3,3,NA,NA,NA,NA,NA,4,4,4,5,4,3,3,3,4,3,5,4,5,5,4,3,4,4,5,3,"모두랑 - 여럿이서 가면 가성비가 좋고, 가격 대비 언제 가도 맛이 보장된다. 맛은 순한편이고 사리에 따라서 세트가 달라지는 게 좋다. 더 매운 맛 나오면 맛있을 것 같다. 일반 분식집과 다른 차별화된 국물떡볶이라서 모두랑을 가고 싶을 때가 있다. 볶음밥이 맛있다. 서스비스도 친절하신 편이다. 
다만, 식탁 위에 수저를 올려놓거나 할 때, 위생에서 살짝 신경이 쓰인다. 그 외에는 앞치마를 주시거나 쓰레기통이 구비되어 있는 점 등 좋다. 혼자 먹고 싶을 때 1인분이 안된다는 것이 개인적으로 아쉽기는 하다. 

두끼 - 뷔페식 떡볶이 체인점이다 보니 맛과 서비스 가격 면에서 안정적이라고 느껴져서 믿고 가는 두끼라는 브랜드 이미지가 있는 것 같다. 소비자가 소스를 조합할 수 있다는 게 장점 중 하나다. 위생이나 서비스도 좋다. 떡볶이 외 튀김이나 사리, 어묵 등이 구비돼 있다는 것이 좋다. 다만 점의 경우, 2층에 위치하기도 하고 혼자 가기 부담스럽기도 하다. 포장으로 하면 용기에 채워서 가져갈 수 있다는 게 좋지만 조리해 먹어야 한다는 것이 아쉽다. 즉석 떡볶이의 장점을 살리려면 어쩔 수 없다고 생각한다.

신전 - 매운 떡볶이 종류 중 떡이나 소스가 맛있고 차별화되어 있다고 느끼는 브랜드이다. 지점마다 맛 차이가 있다고 하는데 점 신전은 맛있는 것 같다. 신전 서비스 관련해서 개선하면 좋을 것 같다. (종종 불친절하다는 후기 봄) 

개인적으로는 포장할 때 플라스틱보다 종이컵 용기 등에 주면 포장에 대한 환경적 부담이 줄어들 것 같다.","상추튀김집 떡볶이 - 가격에 비해 맛있는 지 잘 모르겠다. 맛은 평범한데 이미 조리되어 있는 것을 주시지만 약간 식어있는 느낌이라서 맛과 별개로 떡볶이를 먹으러 다시 가지는 않을 것 같다. 튀김에 찍어먹고 싶은 떡볶이 양념이 아니었던 것 같다. 매장 앞에 조리된 음식 특히 튀김이 쌓여 있어서 그런지 그닥 위생적이거나 신선한 음식이라고 느끼기 힘들었다. 
서비스는 나쁘지 않았다. 24시라 접근성은 좋은데 음식 맛이 전체적으로 평균에 가까운 것 같다. 바쁠 때 혼자 주로 갈 것 같은 느낌이다."
남,23~26,5학년,의대,1,0,0,1,0,5,4,5,3,4,5,3,3,3,3,3,4,3,3,3,4,4,5,3,3,5,NA,NA,NA,NA,NA,NA,NA,NA,NA,NA,NA,NA,NA,NA,NA,4,3,5,4,4,NA,NA,NA,NA,NA,신전떡볶이 / 카레향이 굉장히 좋다 / 주방을 오픈형으로 해놓으면 좋겠다,상추튀김 / 특별한 맛이 있는 것이 아니다 / 완전히 달면 좋겠다
남,23~26,4학년,의대,1,1,0,0,0,4,4,5,3,3,4,3,2,3,3,2,3,2,3,3,1,3,3,3,3,2,NA,NA,NA,NA,NA,NA,NA,NA,NA,NA,4,3,2,3,3,4,3,4,3,4,NA,NA,NA,NA,NA,모두랑/추억의 즉석떡볶이와 볶음밥이 맛있으며 가격도 매우 저렴/조금만 더 깔끔했으면 좋을 것 같아요,상추튀김과떡볶이/맛은 있지만 튀김의 위생이 걱정돼요../ 신선한 상태의 튀김이면 좋을 것 같아요.
여,23~26,5학년,의대,0,1,0,1,0,4,3,3,3,4,3,4,4,4,4,4,5,5,5,5,5,4,4,4,4,4,NA,NA,NA,NA,NA,NA,NA,NA,NA,NA,2,2,2,3,2,5,5,5,5,5,2,2,2,4,2,NA,NA
여,23~26,2학년,의대,1,1,0,0,0,5,NA,NA,NA,NA,NA,4,4,4,2,4,5,2,2,3,4,5,5,3,2,4,NA,NA,NA,NA,NA,NA,NA,NA,NA,NA,NA,NA,NA,NA,NA,5,4,5,4,5,NA,NA,NA,NA,NA,NA,NA
여,20~22,3학년,일반,1,1,0,0,0,5,4,4,4,4,5,3,4,2,3,2,4,4,4,3,4,4,4,3,3,3,NA,NA,NA,NA,NA,4,4,4,4,4,3,4,3,5,3,4,4,4,4,4,4,3,4,4,4,모두랑/즉석떡볶이 매력이 느껴져서,두끼 /위생이 안 좋다. 
남,23~26,3학년,일반,1,0,0,0,0,3,4,5,4,4,4,3,2,3,3,2,NA,NA,NA,NA,NA,4,3,4,4,3,NA,NA,NA,NA,NA,NA,NA,NA,NA,NA,2,2,2,2,2,NA,NA,NA,NA,NA,NA,NA,NA,NA,NA,모두랑/마지막 볶음밥+ 안매움+가성비,상추튀김/청결의심/비싼 가격
여,23~26,4학년,일반,1,0,1,0,1,3,NA,NA,NA,NA,NA,4,4,3,3,4,NA,NA,NA,NA,NA,4,5,4,4,4,NA,NA,NA,NA,NA,3,4,4,4,3,3,4,3,3,2,4,3,4,4,4,NA,NA,NA,NA,NA,"신전 떡볶이/ 다른 지점(호성동, 송천동)보다 맛이 더 진한 느낌이고 전체적으로 맛있다. 특히 치즈김밥 짱!/이대로 가도 괜찮을 느낌 유지한 해주었으면..","땡땡이상추튀김집?/동기들과 맛있다는 이야기를 듣고 갔는데, 음... 난 잘 모르겠더라..위생적인 면도
 그렇고 친절도도 좀 아쉬웠다./전형적인 분식집하면 떠오르는 가게지만 위생에 조금 신경을 써줬으면 좋겠다."
여,20~22,2학년,일반,1,1,0,0,0,5,4,4,3,4,4,5,5,4,4,5,3,3,3,2,2,4,4,3,2,2,NA,NA,NA,NA,NA,5,5,3,5,4,3,4,2,3,1,4,3,4,4,4,NA,NA,NA,NA,NA,"두끼/무한리필로 가격 저렴, 맛있음, 여러가지 음식을 조리해 먹을 수 있음/ 손님 많은데 매장관리가 잘 안되는듯. 다떨어진 음식 채우는데 오래걸림","상추튀김/음식 만든지 오래된 느낌, 청결하지 못함/ 그냥 별로다..."
여,23~26,4학년,일반,1,0,0,0,0,4,4,5,4,4,5,4,3,4,5,5,4,4,4,3,4,4,5,4,4,4,NA,NA,NA,NA,NA,3,4,4,4,4,3,4,3,4,3,5,4,5,5,5,4,4,4,4,4,청년다방/감자튀김도 맛있음/,NA
여,23~26,3학년,의대,1,0,0,0,0,4,4,4,3,4,4,4,4,4,4,4,4,3,3,3,4,4,4,3,4,4,NA,NA,NA,NA,NA,NA,NA,NA,NA,NA,NA,NA,NA,NA,NA,4,4,4,4,4,NA,NA,NA,NA,NA,모두랑 / 체인이 별로 없어서 주로 구정문 갈때 가게됨,NA
여,20~22,2학년,일반,1,0,0,0,0,5,4,5,4,5,5,4,5,5,5,5,5,3,5,4,5,5,5,5,4,5,NA,NA,NA,NA,NA,3,4,4,5,3,4,5,3,5,4,5,4,5,5,5,NA,NA,NA,NA,NA,또또분식/가격 대비 맛있고 자극적이지 않아 자주감/양이 좀 적음,없다
여,20~22,3학년,일반,1,1,0,0,1,5,5,5,4,4,5,5,4,5,4,4,4,3,3,3,2,5,4,3,3,5,4,5,5,4,3,3,4,5,5,2,3,5,3,4,3,4,3,5,3,5,4,3,4,4,3,9개 항목에 없던 떡볶이 집도 되나요? 33떡볶이라고 있는데 최애 떡볶이가 신전에서 여기로 바꼈습니당 ㅋㅋ배달 최저요금도 싸고 리뷰이벤트로(금암점x 하가점) 먹을 수 있는 치즈볼도 존맛탱이고 제가 치즈 덕후인데 롯데리아의 모짜렐라인더버거에서 쭉 늘어나는 치즈패티를 여기서 팝니다;;;ㅁㅊ;;  떡볶이 국물에 푹 담궈서 먹으면 쭉 늘어나는데 진심 다른 데는 못먹어요. 그리고 여기 꼬마김밥도 진짜 개맛있어요. 치즈랑 참치김밥이 제 최애입니다. 개선점xx먹어보면 후회안함. 참고로 왕푸짐이 쌀떡이고 일반 국물떡볶이가 밀떡. 전 밀떡파라 왕푸짐은 먹어본적 없지만 후기는 좋아보여요,"구정문 엽떡/여기는 매장에 가서 먹었는데도 불구하고 떡이 딱딱했어요.. 제가 아무리 밀떡파라도 그렇지만 같이 갔던 일행들도 좀 덜익은거 아니냐 할정도..ㅎ 그리고 떡볶이 하나 시키면 다른거 시키기에 가격이 부담돼서(2만원 넘으면 마라탕을 먹고말지) 가격도 좀 ㅠㅠ유일하게 꾸준히 먹어왔던 쌀떡집인데 본가에 있는 엽떡집이 훨 나아요. 본가는 경기도!/개선점은 제가 뭐라 말 할 수 있는 입장은 아니지만,,,배민 할인쿠폰을 자주뿌려주던가 리뷰이벤트를 해주셨으면 ㅠ"
남,20~22,2학년,일반,1,0,1,0,1,4,NA,NA,NA,NA,NA,4,5,5,5,4,4,4,4,4,4,NA,NA,NA,NA,NA,NA,NA,NA,NA,NA,NA,NA,NA,NA,NA,2,1,3,3,1,5,4,5,5,4,NA,NA,NA,NA,NA,NA,땡땡이/비쌈 맛없음
여,23~26,4학년,일반,1,0,0,0,0,5,4,5,4,5,5,4,4,5,4,4,4,4,3,4,3,3,3,3,3,3,3,4,3,3,3,3,3,3,4,3,3,5,2,3,3,5,3,5,4,4,3,3,2,3,2,모두랑/전주만의 맛난 떡볶이집 느낌이 나고 가격대비 양도 많았다/추가튀김이나 사이드를 조금더 추가해줬으면 좋겠다,상추튀김/청결도가 부족하다. 바쁘다보니 그릇이 제대로 씻겨지지않은 채 나온기억이 있다/조금더 청결도를 신경써주었으면
여,20~22,3학년,일반,1,0,0,0,1,5,3,4,4,5,3,4,4,5,5,5,4,2,5,5,5,3,4,5,5,3,NA,NA,NA,NA,NA,NA,NA,NA,NA,NA,5,5,5,5,5,5,3,5,5,5,5,4,4,5,5,청년다방/ 메뉴가 신선하다,모두랑떡볶이/ 너무 빨리 퍼져요
여,20~22,3학년,일반,1,0,0,0,0,3,NA,NA,NA,NA,NA,NA,NA,NA,NA,NA,4,3,3,4,4,NA,NA,NA,NA,NA,NA,NA,NA,NA,NA,NA,NA,NA,NA,NA,2,2,2,3,2,4,3,4,4,4,NA,NA,2,NA,NA,엽떡/ 맛있었다/ ,NA
남,23~26,1학년,일반,1,1,0,0,0,4,3,2,2,2,2,2,2,2,2,2,NA,NA,NA,NA,NA,2,3,2,2,2,NA,NA,NA,NA,NA,2,2,2,2,2,1,1,1,1,1,NA,NA,NA,NA,NA,2,2,2,2,2,NA,NA
남,23~26,5학년,일반,1,0,0,0,0,4,5,5,4,4,5,4,5,4,4,4,4,1,3,3,3,5,2,3,4,3,NA,NA,NA,NA,NA,NA,NA,NA,NA,NA,3,3,3,3,4,5,2,4,4,4,3,3,2,4,4,모두랑 / 모든게 합리적인 / 크게 없음,상추튀김 / 크게 장점이 없음 / 좀 특색을 주시면?..
남,23~26,6학년,의대,0,1,0,0,0,3,NA,NA,NA,NA,NA,1,1,1,1,1,5,3,3,4,4,NA,NA,NA,NA,NA,NA,NA,NA,NA,NA,NA,NA,NA,NA,NA,NA,NA,NA,NA,NA,5,5,5,5,5,NA,NA,NA,NA,NA,청년다방 / 맛있음 / 조금 더 다양한 메뉴,두끼 / 맛없음 / 소스 맛 잡기
여,23~26,4학년,일반,1,0,0,0,0,4,4,4,4,4,4,5,3,4,3,4,2,2,2,2,3,4,5,4,3,4,NA,NA,NA,NA,NA,5,5,5,3,4,NA,NA,NA,NA,NA,5,3,4,4,4,3,3,3,3,2,두끼/취향대로 만들어 먹는게 좋음/가격인데 프랜차이즈라 개선 불가,엽떡/더럽고 맛없음/ 위생 잘 신경써야함
남,23~26,4학년,일반,0,1,0,0,0,4,5,5,4,5,5,4,4,5,4,4,4,3,4,3,3,5,4,5,4,4,3,3,3,3,3,4,5,5,5,5,5,5,3,3,4,4,3,4,3,4,5,4,5,5,5,에바다떡볶이집은 최고입니다! 제 입맛에 맞는 것도 있지만 그 분위기도 한 몫 하는 것 같아요~ 모두랑떡볶이는 가성비최고!,"청년다방의 차가운 서비스가 아쉬웠고, 엽기떡볶이도 서비스가 따뜻하다는 느낌은 못받았네요~"
여,20~22,2학년,일반,1,0,0,0,1,4,5,5,4,5,5,5,4,5,4,4,5,3,4,4,4,5,4,4,5,4,NA,NA,NA,NA,NA,NA,NA,NA,NA,NA,NA,NA,NA,NA,NA,5,3,4,3,4,NA,NA,NA,NA,NA,"모두랑/가격,맛 훌륭",NA
여,23~26,6학년,일반,1,0,1,1,0,2,NA,NA,NA,NA,NA,5,5,5,5,5,NA,NA,NA,NA,NA,4,3,4,4,4,NA,NA,NA,NA,NA,NA,NA,NA,NA,NA,4,5,2,3,3,4,4,5,4,5,NA,NA,NA,NA,NA,"
두끼-가격이 착함, 뷔페형으로 다양한 메뉴 ㅠㅠ ?? / 배달도 되었으면..
","상추튀김-맛은있는데 청결도가 떨어지고, 먹고나면 항상 배가 아팠음 ㅜㅜ 두번먹었는데 둘다../깨끗하게 개선이 필요함(근데 사실 그 오래된 분위기도 매력이긴함..)"
여,23~26,4학년,일반,1,1,0,0,0,5,4,4,3,4,2,4,2,4,3,5,2,3,3,2,2,3,4,3,3,2,NA,NA,NA,NA,NA,3,3,3,4,2,3,2,3,3,2,5,3,4,4,5,2,3,3,4,2,마피아떡볶이/가격도 좋고 매운맛도 깔끔한데 당도 조절도 가능하다. 치즈도 다른 집들과 비교했을 때 맛있는 치즈에 속한다. (약간 연유맛 남) 먹어본 떡볶이 집 중 최고/ 떡볶이에 야채가 하나도 없어서 그 점이 굉장히 아쉬웠다.(마피아떡볶이는 원래 야채가 안 들어간다고 한다.,상추튀김/ 떡볶이가 별로 맛이 없다.(특별한 맛이 안난다.) 떡에 양념이 잘 베지 않고 약간 딱딱하다./ 떡을 쫀쫀하게 하고 떡에 양념이 잘 베게 조리 해줬으면 좋겠다.  
여,20~22,3학년,일반,1,0,0,0,0,5,3,5,2,2,3,4,4,4,3,4,NA,NA,NA,NA,NA,5,5,3,2,5,NA,NA,NA,NA,NA,NA,NA,NA,NA,NA,NA,NA,NA,NA,NA,5,1,4,4,5,NA,NA,NA,NA,NA,청년다방/역시 프랜차이즈라 그런지 깔끔하고 정돈된 느낌이 많이 들었어요/가격이 항상 쪼금 아쉽,"모두랑/개인적으로 맛은 평타였지만 시설적인 측면에서 딱히 좋은지 모르겠던 가게였습니다 물론 가격이 저렴했지만 손님이 너무 많고, 테이블 간의 간격이 너무 좁아서,, 합석만 아닐 뿐이지 얘기하는 내용이 다 들린다던지 자꾸 눈이 마주친다던지 낯가리는 저에겐 굉장히 어색한 식사였습니다...."
남,23~26,3학년,일반,1,0,0,1,0,5,NA,NA,NA,NA,NA,4,4,4,4,5,4,2,4,4,4,4,3,3,4,4,NA,NA,NA,NA,NA,NA,NA,NA,NA,NA,3,2,2,2,2,5,2,3,4,4,NA,NA,NA,NA,NA,두끼가 최고예요 가성비도 그렇고 튀김이랑 다른 종류들도 많은게 너무 좋아요 개선할 점은 딱히 없는거같아요,"상추튀김, 맛도 다른데에 비해 조금 떨어지고 다른 곳들과 비교해도 크게 좋은점이 안느껴짐, 옛날 같지 않다는 얘기가 많음"
남,23~26,5학년,의대,0,1,0,0,0,4,4,4,2,3,3,4,4,3,3,3,NA,NA,NA,NA,NA,4,4,2,3,3,NA,NA,NA,NA,NA,NA,NA,NA,NA,NA,4,4,2,2,3,4,4,4,4,4,NA,NA,NA,NA,NA,청년다방/감자튀김이 맛있어서,다 좋음
남,27~,5학년,의대,0,0,1,0,1,4,NA,NA,NA,NA,NA,4,4,2,3,4,NA,NA,NA,NA,NA,3,4,4,3,3,NA,NA,NA,NA,NA,NA,NA,NA,NA,NA,3,4,3,3,2,4,2,4,4,4,NA,NA,NA,NA,NA,"청년다방/맛도 깔끔하고, 메뉴가 다양했다./가격이 좀 세다는 점","신전떡볶이/맛이 언제나 일정하긴 하지만, 늘 시켜먹는 처지에서 최소주문금액이 너무 부담스러웠음/이유가 개선점이 될 것 같고, 최소주문금액을 조금 낮추거나 이 금액을 뛰어넘는 맛을 내면 개선될것같지만 체인점이라 불가능할 것 같다."
여,23~26,4학년,일반,1,1,0,0,0,3,4,4,3,3,4,3,4,4,3,4,3,2,4,4,4,4,3,3,4,4,4,4,4,4,4,3,2,2,3,4,4,3,3,4,4,4,4,4,4,4,4,4,3,4,4,모두랑 떡볶이 / 떡볶이에 볶음밥 처음먹어봄 / 친절도,엽떡 / 맵기만함 / 모르겠어요
남,23~26,3학년,일반,1,1,0,0,0,4,4,4,3,2,2,4,5,5,3,4,NA,NA,NA,NA,NA,NA,NA,NA,NA,NA,NA,NA,NA,NA,NA,NA,NA,NA,NA,NA,NA,NA,NA,NA,NA,5,2,5,5,4,NA,NA,NA,NA,NA,청년다방이 가장 맛있고 감자튀김이 너무 맛있지만 2인 테이블이 너무 작다...,없다
남,20~22,3학년,일반,1,1,1,1,1,5,5,5,5,5,5,4,3,4,4,4,4,3,4,4,4,3,5,5,2,3,NA,NA,NA,NA,NA,NA,NA,NA,NA,NA,4,4,3,5,5,5,3,5,5,4,4,5,4,4,4,모두랑/맛도좋고가격도쌈/개인적으로 잡채만두별로라 다른거로 넣어쥬셨음 좋겠음..,신전떡볶이/ 다른곳보다 맛도별로고 알바생분이 너무 불친절했음/ 알바 새로구하기
여,20~22,3학년,일반,1,0,0,0,0,5,4,5,4,4,4,4,5,5,4,4,4,3,3,4,4,5,5,2,4,5,NA,NA,NA,NA,NA,4,4,4,4,4,2,4,3,5,2,5,3,4,4,4,2,3,4,4,2,신전떡볶이/개인적으로 제일 맛있고 떡을 좀더 익혀서해달라고 하면 친절하게 다 해주신다. 글고 혼자 매장가서 먹어도 부담스럽지 않다/ 그릇이 조금 찝찝할 때가 있다. 고춧가루가 종종 묻어있는 것을 본 적이 있다.,"에바다분식/양은 많지만,, 내 개인적인 생각으로 쌀떡을 그렇게 많이 좋아하지 않아서 (?) 일 것 같다/밀떡도 파셨으면 좋겠다! 그리고 양많아서 좋당"
여,20~22,3학년,일반,1,0,1,1,0,3,3,3,3,3,3,4,5,4,5,5,4,2,3,3,4,4,4,4,5,3,NA,NA,NA,NA,NA,3,4,3,3,4,4,4,3,3,4,4,3,4,4,5,NA,NA,NA,NA,NA,두끼  즉석떡볶이를 좋아해서  비는 메뉴는 빨리빨리 채워줬음한다,NA
여,23~26,4학년,일반,1,0,0,0,0,5,5,5,5,4,5,NA,NA,NA,NA,NA,5,4,5,3,4,5,4,5,3,4,NA,NA,NA,NA,NA,NA,NA,NA,NA,NA,NA,NA,NA,NA,NA,5,3,5,5,5,4,5,4,4,4,모두랑/착한 가격과 볶음밥이라는 히든카드 존재/예전에는 계란을 직접 으깨주셨는데 지금은 잘 안 으깨주심. 별 문제는 아니지만 기억나서 써봄. 떡볶이를 주문할 때 맛을 선택할 수 있는데 순한맛과 보통맛 차이가 별로 없는 것 같다!,딱히 없다
여,20~22,2학년,일반,1,1,1,1,1,5,4,4,4,5,4,3,3,5,4,3,5,4,4,4,4,5,5,5,4,5,NA,NA,NA,NA,NA,4,5,4,4,4,3,4,3,4,4,5,5,5,4,5,4,4,4,4,3,신전떡볶이 / 키오스크로 주문해서 오래 기다리지 않고 빠르게 주문가능하며 테이블 뒤 벽에 휴지가 있어서 사용하기 편했고 먹은 뒤 쟁반으로 옮겨두기만 하면 돼서 깔끔하니 좋았음 / x,상추튀김집 / 떡볶이에 맛이 배어있지 않았음 / 떡에 간과 국물 맛이 잘 밸 수 있게 해야함.
남,23~26,2학년,일반,1,0,0,0,0,4,3,3,2,4,3,3,5,4,2,3,5,1,2,3,4,5,4,1,2,4,NA,NA,NA,NA,NA,NA,NA,NA,NA,NA,NA,NA,NA,NA,NA,5,1,4,4,NA,NA,NA,NA,NA,NA,청년다방/다른 떡볶이집과 달리 메뉴들이 특색이 있습니다/가격이 조금 센거 같습니다,모두랑/볶음밥은 맛있는데 떡볶이는 기억에 남지 않네요/즉석떡볶이 양념장을 보완해주시면 좋을거 같습니다.
여,20~22,3학년,일반,1,1,0,0,0,4,NA,NA,NA,NA,NA,3,2,4,2,3,4,2,3,3,4,4,3,2,2,3,NA,NA,NA,NA,NA,NA,NA,NA,NA,NA,3,3,2,3,2,4,3,4,4,4,NA,NA,NA,NA,NA,청년다방/가격대비 맛과 가성비가 좋았다. 1인분의 양이 나왔으면 좋겠다,상추튀김떡볶이/ 맛이 좀 밍밍하다/ 메뉴를 좀 더 개선해야될것같다
여,27~,5학년,의대,1,0,1,1,0,5,3,4,3,5,3,4,5,5,3,5,4,3,4,4,4,3,5,3,4,3,3,3,4,5,3,3,4,4,3,4,3,3,2,3,2,5,3,4,4,4,2,3,2,2,2,두끼 떡볶이 / 무한리필 감안하고 가격이 매우 저렴했고 다양한 종류의 떡과 사리를 선택할 수 있음 / 집기나 부자재들의 청결관리가 다소 소홀하며 동난 음식이 빠르게 채워지지 않음,에바다 떡볶이 / 위생이 불결한 느낌이 강했고 철판에 누른 떡볶이나 재사용한 것 같은 기름냄새가 났음 / 위치가 훌륭한 만큼 위생 개선과 좀 더 갓 조리한 음식을 내는 것에 열중하신다면 분명 비교불가한 음식점이 될 것임
여,20~22,3학년,일반,1,1,1,1,1,5,4,5,4,4,5,NA,NA,NA,NA,NA,5,4,3,3,4,5,4,3,4,5,NA,NA,NA,NA,NA,NA,NA,NA,NA,NA,4,3,3,3,3,4,4,5,5,5,4,4,4,5,4,모두랑떡볶이/떡도 쫄깃하고 기본으로 주는 토핑? 도 꽤 많은 것 같다. 다른 떡볶이 집에 가격도 괜찮은 것 같다. 떡볶이도 떡볶이지만 볶음밥이 진짜 맛있다.,상추튀김/떡볶이 맛도 그닥 잘 모르겠다. 조금 더 간이 잘 되면 좋겠다고 생각한다. 또한 주시는 양에 비해 가격이 너무 비싼 편이라고 생각한다.
여,20~22,2학년,일반,1,0,0,0,0,5,5,5,4,4,5,4,5,5,4,4,5,4,4,4,4,5,5,5,5,5,NA,NA,NA,NA,NA,NA,NA,NA,NA,NA,5,5,5,4,4,5,3,5,5,5,NA,NA,NA,NA,NA,모두랑/맛있고 볶음밥까지 먹을수 있고 가격이 저렴하다. 즉석떡볶이의 느낌을 가지고 있다./개선점은 딱히 없는것 같다.,상추튀김/기대했던것 보다 그냥그랬다/ 잘 모르겠다
여,23~26,3학년,일반,1,1,0,0,0,3,5,4,3,4,3,4,5,3,3,3,4,2,3,3,4,4,3,2,2,2,NA,NA,NA,NA,NA,5,5,3,5,5,3,2,2,4,3,3,2,3,3,2,3,3,3,4,2,"새우락:맛있는매콤함,누들(?)떡,튀김과잘어울림,친절함,배달가격적당함,1인분배달가능,비싸지않고맛있는튀김!",옛날땡땡이상추튀김:떡볶이 포장시 스티로폼그릇에 담아줘서 먹기 꺼려짐/내열플라스틱용기나 종이컵으로 바뀌어야함
여,23~26,3학년,일반,1,0,0,0,1,5,3,4,3,3,3,5,5,5,3,4,3,2,3,3,2,5,4,4,4,4,NA,NA,NA,NA,NA,4,3,3,4,3,2,2,2,2,2,5,4,5,5,5,4,5,4,5,5,청년다방/양 많고 맛있고 가격적절/가게 확장하면 좋겠어요ㅋㅋㅋ!,동대문엽기떡볶이/맛이 타 지점에 비해 너무 묽어?요ㅠㅠㅠㅠ/맛을 더 진하게 하면 좋겠어요
남,23~26,6학년,의대,1,1,1,0,0,3,NA,NA,NA,NA,NA,4,4,5,5,5,3,1,4,4,3,3,3,3,3,3,NA,NA,NA,NA,NA,NA,NA,NA,NA,NA,3,5,1,3,3,NA,NA,NA,NA,NA,NA,NA,NA,NA,NA,두끼/맛의 다양성/ 딱히 없음,엽떡/가격이 불합리/대학생들을 위해 가격 낮추기
남,23~26,2학년,일반,1,1,0,0,0,5,4,4,4,4,4,3,3,2,2,2,3,3,2,2,2,3,3,2,3,2,3,NA,2,3,3,2,2,3,3,3,3,3,2,2,2,4,3,4,4,4,2,3,3,3,3,모두랑 / 싸고 자극적이지 않으면서 깔끔한맛/ 없음,상추튀김분식집 / 그냥 맛이없음
여,23~26,3학년,일반,1,1,0,0,0,5,5,5,3,3,5,4,3,1,3,2,4,4,3,3,3,3,3,1,1,1,4,4,3,4,4,3,4,4,3,2,1,1,1,1,1,4,3,4,4,4,3,5,4,4,4,"모두랑,  가성비와 맛, 오래된 곳이라 지저분해보임, ","신전떡볶이, 무엇보다 위생이 극악 및 사장과 알바생의 싸가지, 기본적인 점부터 고쳐야함"
남,23~26,3학년,일반,1,1,0,0,1,4,4,5,3,5,5,3,3,4,4,2,4,2,3,3,4,3,4,4,3,3,NA,NA,NA,NA,NA,NA,NA,NA,NA,NA,3,3,3,3,3,4,3,4,4,4,NA,NA,NA,NA,NA,모두랑 일단 가격이 착하고 다른 떡볶이 집하고 다르게 즉떡이라 매력있음,신전떡볶이 웬만한 신전 떡볶이 엄청 좋아하는데 학교앞 신전은 떡을 오래된거 쓰는지 쉰내나고 진짜 짜증남
여,23~26,4학년,일반,1,1,1,0,1,5,3,4,3,3,3,4,3,3,3,4,4,3,3,2,3,5,4,3,2,4,NA,NA,NA,NA,NA,4,3,3,3,3,3,2,3,3,2,4,2,3,3,3,NA,NA,NA,NA,NA,NA,NA
남,23~26,2학년,일반,0,0,1,0,0,3,4,5,3,5,4,3,4,4,4,2,2,5,4,4,3,5,5,2,3,3,NA,NA,NA,NA,NA,NA,NA,NA,NA,NA,5,5,2,5,4,5,3,5,5,3,4,4,3,4,4,모두랑/예전떡복이맛이예요/청결했으면 좋겠어요,NA
여,23~26,4학년,일반,1,1,0,0,1,5,4,4,4,4,5,5,5,5,3,5,1,2,1,4,1,5,5,4,1,4,NA,NA,NA,NA,NA,NA,NA,NA,NA,NA,3,4,4,3,3,5,4,4,4,4,4,5,4,4,4,"두끼/직접 소스를 제조할 수 있고, 저렴/ 튀김이 눅눅할때가 있고, 순대에서 냄새가 심함, 어묵 퀄리티 별로","엽기떡볶이/위생이 별로, 소세지 등등 토핑이 너무 많아서 맛이 별로임/ 위생개선"
남,23~26,4학년,일반,1,0,1,0,0,4,5,5,4,5,5,3,3,3,3,2,4,4,4,4,4,4,4,4,4,4,NA,NA,NA,NA,NA,4,4,4,4,4,NA,NA,NA,NA,NA,NA,NA,NA,NA,NA,3,5,3,3,3,NA,NA
남,23~26,2학년,일반,1,0,1,1,0,4,3,3,3,4,4,3,3,5,4,3,5,3,4,4,5,5,4,4,4,5,NA,NA,NA,NA,NA,NA,NA,NA,NA,NA,3,2,2,3,3,4,3,5,5,3,4,3,4,4,4,모두랑/가격도 너무 착하고 골라먹을 수 있는 토핑이 많아서 좋다.특히 차돌박이 토핑!!! 서비스 또한 짱!!/너무 맛있어서 점심시간에 가면 웨이팅을 해야된다..,상추튀김 떡볶이/청결에 조금 문제가 있는 것 같다. 가격도 착하지 않음../밖에서 잘 보이는 구조다 보니 청결에 좀 더 신경을 써주시면 좋겠다.
여,23~26,4학년,일반,1,1,0,0,0,5,2,3,3,4,2,5,3,4,4,5,4,2,4,4,3,5,5,4,5,5,NA,NA,NA,NA,NA,NA,NA,NA,NA,NA,3,4,3,3,2,4,3,4,4,3,NA,NA,NA,NA,NA,"신전/싸고 너무 맛있다/신메뉴 중 몇가지 메뉴만 들여오지 말고 다 반영해줬으면 좋겠다
두끼/원하는 맛, 다양한 메뉴를 맛 볼 수 있다",모두랑/가격이 저렴하긴 하지만 돈 더 주고 더 맛있는 떡볶이를 먹을 것 같다. 그저 그렇다
여,23~26,4학년,일반,1,1,1,1,1,5,5,5,4,4,5,5,4,4,4,4,5,4,4,3,4,5,5,3,4,5,NA,NA,NA,NA,NA,NA,NA,NA,NA,NA,2,2,2,3,2,5,5,5,5,5,2,2,4,5,2,청년다방! 깨끗하고 다 괜찮았음,"상추튀김(앞)/ 쥐가 문사이 구멍으로 들어가는것을 목격함.. 그뒤로 절대 절대 안감, 맛도 그닥"
남,23~26,5학년,의대,0,1,0,0,0,5,5,5,3,5,5,NA,NA,NA,NA,NA,NA,NA,NA,NA,NA,3,4,3,3,3,NA,NA,NA,NA,NA,NA,NA,NA,NA,NA,3,4,1,3,4,4,2,4,4,4,4,3,3,3,3,모두랑/적절한 가격과 맛있는 떡볶이와 볶음밥/없음,NA
남,23~26,4학년,의대,1,0,0,0,0,3,NA,NA,NA,NA,NA,4,4,4,4,3,4,3,4,4,4,5,4,4,4,5,NA,NA,NA,NA,NA,NA,NA,NA,NA,NA,3,3,3,4,1,5,5,5,5,5,4,4,4,4,3,청년다방/메뉴가 너무 맛있는것밖에 없다,x
여,23~26,4학년,일반,1,1,1,1,1,5,5,5,3,3,3,5,5,3,3,3,3,3,3,3,3,4,4,3,3,3,NA,NA,NA,NA,NA,3,3,4,5,3,3,3,3,3,3,4,3,3,5,4,4,3,3,4,3,NA,NA
여,20~22,1학년,일반,0,0,0,1,0,5,3,3,3,3,3,3,5,2,5,4,5,2,3,2,5,5,5,2,3,4,3,3,3,3,3,4,3,3,3,3,NA,NA,NA,NA,NA,3,2,2,3,3,NA,NA,NA,NA,NA,엽기떡볶이/전주에 있는 다른 지점에 비해 양이 많음/매장이 좁고 이동이 많다보니 지저분한 느낌이 듦,"두끼/내놓고 파는 거라 청결하지 않음, 이동도 많은데 식재료에 먼지도 많이 쌓일 것 같음/ 청결 유지를 위한 대책이 필요해보임"
남,20~22,2학년,일반,1,1,0,0,0,4,NA,NA,NA,NA,NA,NA,NA,NA,NA,NA,NA,NA,NA,NA,NA,4,4,5,5,4,NA,NA,NA,NA,NA,NA,NA,NA,NA,NA,NA,NA,NA,NA,NA,5,5,5,5,5,NA,NA,NA,NA,NA,청년다방,딱히 없었다
여,20~22,3학년,일반,1,1,1,1,1,5,5,4,4,5,4,3,5,5,4,4,NA,NA,NA,NA,NA,5,5,3,3,3,NA,NA,NA,NA,NA,NA,NA,NA,NA,NA,NA,NA,NA,NA,NA,5,4,4,5,5,NA,NA,NA,NA,NA,청년다방/맵기도 괜찮고 맛도 다른 지점에 비해 훨씬 맛있음/둘이 먹기엔 가격이 조금 비싸다. 그리고 가끔 파리 나오는거 너무 화난다,두끼/내가 만들어먹으면 맛없어서 잘 안갑니다(커스텀 떡볶이?라.. 잘하는 사람과 가면 맛있음)/ 개선점은 딱히 없음.
남,27~,2학년,일반,0,0,0,0,1,3,4,4,3,4,4,4,3,4,4,4,5,2,4,4,5,5,3,4,4,4,3,3,2,4,3,NA,NA,NA,NA,NA,4,4,3,4,4,4,3,3,4,4,3,3,4,4,3,동대문엽떡/매운걸좋아해서/가격인하,영떡스클럽/간이 좀 싱거웠고 청결도가 별로였음/청결도 상승
남,23~26,3학년,일반,1,1,1,0,1,5,NA,NA,NA,NA,NA,4,3,4,4,3,5,3,5,5,5,4,5,5,5,5,NA,NA,NA,NA,NA,NA,NA,NA,NA,NA,3,5,5,4,5,4,4,4,4,3,NA,NA,NA,NA,NA,동대문엽기떡볶이/매운맛을 조절할 수 있고 이것저것 재료가 많이 들어가있고 계란찜과 주먹밥이 있어서 먹는 재미가 있다/ 메인메뉴 가격조절이 필요하고 배달최소금액을 12000원 선으로 낮춘다면 매출이 훨씬 좋아질 것 같다,상추튀김/갈 때마다 약간씩 맛이 달랐다/조금 더 친절하게 해주셨으면 좋겠다
여,20~22,3학년,일반,1,1,0,0,0,5,5,5,5,5,5,5,5,5,5,5,5,2,5,5,4,4,3,2,4,4,NA,NA,NA,NA,NA,NA,NA,NA,NA,NA,NA,NA,NA,NA,NA,5,1,5,5,5,NA,NA,NA,NA,NA,모두랑/가격 대비 너무 좋아요,NA
남,20~22,3학년,일반,1,1,0,0,0,4,4,5,4,4,4,5,4,4,4,4,5,3,4,3,4,5,4,4,3,4,NA,NA,NA,NA,NA,NA,NA,NA,NA,NA,4,4,4,4,4,5,3,4,5,4,NA,NA,NA,NA,NA,신전/1분인씩나눠서 나와서 편함,없다
여,20~22,4학년,일반,1,0,0,1,1,5,NA,NA,NA,NA,NA,4,4,2,3,3,NA,NA,NA,NA,NA,5,4,3,3,5,NA,NA,NA,NA,NA,NA,NA,NA,NA,NA,NA,NA,NA,NA,NA,5,3,4,4,5,NA,NA,NA,NA,NA,청년다방/감자튀김 양 진짜 많고 방문포장하면 치즈스틱도 서비스로 넣어주심/가격이 조금 비쌈 ㅠㅠㅠ 제발 인문대랑 제휴 맺어주세요 엉엉,상호명은 잘 모르겠는데 구정문 바로 맞은편 분식집에 떡볶이... 진짜 최악입니다 위생도 별로고 떡볶이가 너무 달아요 
여,20~22,3학년,일반,0,0,0,1,0,4,4,4,3,3,5,4,2,5,4,4,5,2,3,3,5,5,3,4,4,5,NA,NA,NA,NA,NA,NA,NA,NA,NA,NA,4,3,2,3,2,5,2,5,3,4,NA,NA,NA,NA,NA,모두랑/맛있음/볶음밥만 따로 팔았으면 좋겠습니다 ,청년다방/가격/제휴 행사를 했으면 좋겠습니다
여,23~26,4학년,일반,1,0,0,1,0,5,4,4,3,4,4,4,5,4,3,5,5,3,2,3,4,5,5,1,2,4,NA,NA,NA,NA,NA,NA,NA,NA,NA,NA,2,3,1,3,1,3,3,4,5,3,3,5,4,2,3,"모두랑/맨날 엽떡만 포장하다가 모두랑에서 포장 했을때 양이 많아서 좋았음/포장, 매장에서 식사 여부에 따라 가격과 메뉴가 다른데, 메뉴판이 조금 편리하게 바뀔 수 있으면 좋겠어요",땡땡이 상추튀김/맛도 그닥이고 위생도 별로 에바다 생긴 이후로는 가지않네요/위생 상태 개선와 그에 관련된 컴플레인에 대처를 잘 해주셨음 싶네요
남,23~26,3학년,의대,0,1,0,0,0,2,3,5,3,2,2,4,5,3,3,3,4,3,4,4,2,5,4,4,2,3,NA,NA,NA,NA,NA,5,5,5,5,5,1,1,1,3,1,5,5,5,5,5,NA,NA,NA,NA,NA,새우락/ 튀김 떡볶이세트가 가격도 좋고 양많고 맛있다/ 개선점은 홀에서 먹을때 분위기?...,상추튀김/ 다 떡지고 맛없음/ 여긴 개선 불가
남,23~26,5학년,의대,1,1,0,0,0,4,NA,NA,NA,NA,NA,NA,NA,NA,NA,NA,3,4,3,3,3,4,5,3,3,4,NA,NA,NA,NA,NA,NA,NA,NA,NA,NA,NA,NA,NA,NA,NA,5,4,4,4,4,NA,NA,NA,NA,NA,"청년다방/맛있어요/저한테는 좀 매움,,",엽떡/ 너무너무매움/ 진입장벽 너무 높음
여,23~26,3학년,일반,1,0,1,0,0,4,4,4,4,4,4,4,1,3,3,1,3,2,2,2,2,3,4,3,2,3,NA,NA,NA,NA,NA,NA,NA,NA,NA,NA,NA,NA,NA,NA,NA,4,3,3,4,4,NA,NA,NA,NA,NA,청년다방 / 프랜차이즈여서 맛 차이 적고 맵지 않아서 매운 거 싫어하는 동기들과 먹기 적당 / 테이블을 잘 닦아주셨으면 좋겠음,신전 / 프랜차이즈여서 맛은 비슷하지만 주인분들이 불친절 하며 손님 식사 하고 있는데 옆에서 마스크도 안하시고 시끄럽게 떠드심 / 마스크 착용
여,20~22,3학년,일반,1,0,0,1,0,5,4,4,1,4,4,4,3,1,3,1,4,3,3,4,4,4,3,3,2,4,NA,NA,NA,NA,NA,NA,NA,NA,NA,NA,2,2,1,1,1,4,3,4,4,3,3,3,2,5,3,"후보엔 없지만 또또분식+엽떡) 엽떡은 프렌차이즈라 어딜 가도 맛이 일정한 게 좋고 점도 딱히 다른 지점에 비해 부족한 거 못 느꼈다. 또또분식은 다른 곳에서 안 파는 그 가게만의 떡볶이 느낌이라 가끔 먹기에 좋은 것 같고 같이 파는 메뉴들도 꽤 학생을 고려해서 구성되어있음. 1인세트나 등등,,?","신전) 다른 지점에 비해 주문할 때마다 맛이 일정하지 않아 보완 필요
두끼) 위생이 안 좋다는 말을 너무 많이 들었다.. 예전에 에타에서 본 거 같기도 하고?"
여,23~26,4학년,일반,0,1,0,0,0,5,5,5,3,4,5,3,2,3,4,3,5,3,3,5,4,5,5,5,4,4,4,3,3,4,3,3,5,5,5,4,5,5,2,3,4,5,5,5,5,5,3,5,4,4,3,청년다방/떡볶이 종류가 다양하고 프랜차이즈라 맛이 정량적이며 매운걸 잘 먹지 못하는 사람도 즐겨 먹을 수 있다. 가격이 조금 비싸기는 하지만 타 떡볶이 집에 비해 청결하고 양이 많아서 납득이간다 갈릭 감자튀김 짱..,두끼떡볶이/ 떡볶이는 탄수화물이기에 한번에 많이 먹기 힘든 음식인데 가격적인 측면에서 돈 아까울 때가 많다. 떡볶이 뷔페이기에 여러 소스나 떡 종류를 맛볼 수 있는 점은 좋지만 소스의 정량이나 맛을 맞추는데 한계가 있다./ 가성비 좋은 가격으로 개선되었으면 좋겠다
남,23~26,3학년,일반,1,0,1,1,0,4,4,3,4,3,3,5,4,4,4,5,5,4,4,3,4,4,5,4,3,4,4,3,3,3,3,3,3,3,3,2,2,2,2,3,2,5,5,4,5,5,4,4,3,3,4,청년다방 / 다양한 토핑 메뉴와 퀄리티 있는 맛 / 포장 주문했을때 에이드 시킨거를 쿨피스같은거로 주신점은 개선이 필요할거같네요 ㅠ,딱히 없었음 다 평균 이상은 하는 듯합니다
여,23~26,5학년,일반,1,0,0,0,0,2,5,5,3,3,5,3,4,3,3,2,3,2,4,3,2,4,2,3,2,2,NA,NA,NA,NA,NA,4,3,4,2,4,2,4,2,3,3,4,3,5,5,4,2,4,3,3,2,모두랑 / 싼데 제일 맛있음 볶음밥 존맛 / 바쁠때 자리가 없고 직원분들이 정신이 없으시다,상추튀김 / 김밥이랑 튀김은 맛있지만 떡볶이는 진짜 아님 떡이 팅팅 불어있음 맨날 / 걍 떡볶이 없애도 될듯...메뉴가 워낙 많으니
여,23~26,6학년,의대,1,1,0,0,0,5,4,5,4,4,5,3,2,3,3,NA,4,3,3,3,4,4,4,3,4,4,NA,NA,NA,NA,NA,NA,NA,NA,NA,NA,3,3,2,2,3,4,3,3,4,4,4,4,3,3,4,엽떡/ 프랜차이즈의 맛: 끌리는맛/ 의대학생회 제휴있엇으면 좋겟다,상추땡땡이/바닥이 매우 미끌거리고 청결도 떨어짐/ 청결해졌으면 좋겟어요
여,20~22,2학년,일반,1,1,0,0,0,5,4,5,4,5,5,NA,NA,NA,NA,NA,3,3,3,3,3,4,3,2,3,2,NA,NA,NA,NA,NA,3,4,3,3,3,3,4,3,4,4,4,3,4,4,4,NA,NA,NA,NA,NA,NA,NA
여,20~22,2학년,일반,1,1,0,0,0,5,5,4,4,4,5,3,2,3,4,3,NA,NA,NA,NA,NA,NA,NA,NA,NA,NA,NA,NA,NA,NA,NA,5,2,3,4,5,NA,NA,NA,NA,NA,5,3,4,5,5,NA,NA,NA,NA,NA,모두랑/맛있어요/가격 살짝만..다운..,두끼/애매해요/맛있어서 간다기보단 해먹을 수 있어서 가는 듯..
여,20~22,3학년,일반,1,0,0,0,1,5,3,5,4,4,4,3,2,4,3,4,4,2,3,3,3,4,4,2,2,3,NA,NA,NA,NA,NA,NA,NA,NA,NA,NA,NA,NA,NA,NA,NA,5,1,3,4,3,NA,NA,NA,NA,NA,"엽떡,매콤하고 맛도괜찮아서,가격이 비쌈",NA
남,27~,5학년,의대,1,0,1,1,1,4,3,3,3,3,2,NA,NA,NA,NA,NA,NA,NA,NA,NA,NA,4,3,3,3,3,NA,NA,NA,NA,NA,NA,NA,NA,NA,NA,3,3,2,2,3,NA,NA,NA,NA,NA,NA,NA,NA,NA,NA,특출난 가게는 안 떠오름ㅠ,다들 먹을만했음
남,23~26,4학년,일반,0,0,0,1,0,4,4,3,3,4,3,3,3,3,4,4,4,3,3,3,3,3,3,3,3,3,3,3,2,3,2,NA,NA,NA,NA,NA,NA,NA,NA,NA,NA,NA,NA,NA,NA,NA,NA,NA,NA,NA,NA,두끼점/입맛에 잘 맞음/딱히 없음,NA
여,23~26,4학년,일반,1,1,0,0,0,3,NA,NA,NA,NA,NA,NA,NA,NA,NA,NA,NA,NA,NA,NA,NA,5,5,2,3,4,NA,NA,NA,NA,NA,NA,NA,NA,NA,NA,3,3,2,3,3,5,4,5,5,5,NA,NA,NA,NA,NA,NA,NA
남,20~22,2학년,일반,1,0,0,0,1,4,4,5,3,4,4,3,3,3,3,3,4,3,3,3,3,4,4,2,3,3,NA,NA,NA,NA,NA,3,3,3,3,3,3,3,3,3,3,NA,NA,NA,NA,NA,NA,NA,NA,NA,NA,모두랑/가격이 혜자/X,두끼/튀김이 식어있음/튀김류 제때 리필해놓기
여,23~26,4학년,일반,1,0,0,0,1,5,3,5,4,3,3,3,4,4,3,2,5,2,3,3,5,4,4,3,3,5,NA,NA,NA,NA,NA,3,2,4,4,2,2,2,2,2,2,5,4,4,4,5,5,4,3,4,5,"엽떡 : 내가제일좋아하는 떡볶이집 아무도 이맛을 따라오지 못함/  엽떡근 베이컨을 너무 적게 준다
에바다 : 진짜 맛있다 튀김졷류도 다양하고 순대도 너무 맛있음 만족",상추튀김 : 서비스 최악 가격도 비싼데 양 쥐똥만큼줘서 원래 말안하고 다시는 안가는 성격인데 너무 심각하여 한번말했는데 그걸 받아들이지못하고 우리집은 원래 그렇다 시전 나만느낀거이니고 얼마나 컴플레인을 많이받앗으면 바로 수비적인자세 취하면서 짜증냄. 순대 썰기조차 귀찮앗은데 안썰린거반에 대충썰어줌
여,23~26,4학년,일반,1,0,0,0,1,5,4,4,3,4,3,3,3,2,3,2,3,2,3,3,2,5,5,3,3,5,NA,NA,NA,NA,NA,3,3,4,3,2,3,4,3,3,2,4,3,4,4,NA,4,4,4,5,4,신전떡볶이 / 오뎅 튀김 등 사이드 메뉴가 맛있다 / 주인이 마스크를 안 끼고 있음 ,상추튀김 / 너무 싱거움 / 맛 조절 필요 .. ㅜㅜ
여,23~26,4학년,일반,1,1,0,0,0,4,5,5,5,5,5,4,3,4,5,3,3,3,3,3,4,4,4,3,2,4,NA,NA,NA,NA,NA,5,3,4,5,5,3,2,2,3,2,5,3,4,4,5,5,5,2,5,5,신전/좋아하는떡이야서/친절함,상추튀김/가격에비해별로맛없음
여,27~,4학년,의대,1,1,1,1,1,4,4,4,3,4,4,4,4,3,4,4,4,3,3,4,3,4,3,3,4,3,NA,NA,NA,NA,NA,4,4,4,4,4,2,3,2,3,3,5,2,4,4,5,NA,NA,NA,NA,NA,"모두랑 / 맛있음 (볶음밥 필수), 가격 착하고 친절함 / 아직 잘 모르겠음",상추튀김 / 떡이 퍼져있고 청결도가 떨어지는 것 같아요 / 시설이 더 깔끔하고 떡볶이가 맛있었으면
여,23~26,3학년,의대,0,0,1,1,0,5,3,4,3,4,2,NA,NA,NA,NA,NA,4,3,3,4,4,5,5,4,5,5,NA,NA,NA,NA,NA,NA,NA,NA,NA,NA,4,5,4,5,5,5,5,5,5,5,NA,NA,NA,NA,NA,청년다방/떡과 국물양념이 조화롭게 어울리고 달달한 떡볶이에 차돌고기를 함께하면 금상첨화/시그니처인 감자튀김이 예술../개선점은 없음!,모두랑/감칠맛이 부족했음/떡볶이 떡을 좀더 얇게 하고 국물양념을 더 맛있게 해주었으면..
여,23~26,4학년,일반,1,0,1,0,0,5,4,5,4,4,5,4,4,4,4,4,4,3,4,3,4,5,4,4,3,4,NA,NA,NA,NA,NA,NA,NA,NA,NA,NA,NA,NA,NA,NA,NA,5,3,4,4,4,NA,NA,NA,NA,NA,모두랑/맛도있고 가격이 싸다/1인분이 안되서 아쉽다. ,없다
여,23~26,3학년,일반,1,0,1,1,1,5,NA,NA,NA,NA,NA,4,4,4,4,4,4,3,4,4,3,4,4,4,4,4,NA,NA,NA,NA,NA,NA,NA,NA,NA,NA,3,4,3,3,3,4,4,5,5,4,NA,NA,NA,NA,NA,청년다방 / 서비스 좋고 친절함 / 양 많아졌으면 좋겠다ㅠㅠ,상추튀김집 / 떡볶이 맛이 내가 좋아하는 맛이 아니었음 / 좀 더 깨끗한 시설이었으면 좋겠다..ㅠㅠ
여,20~22,3학년,일반,0,1,0,0,0,5,4,5,3,5,5,5,4,4,4,4,5,4,3,4,5,5,5,3,4,5,NA,NA,NA,NA,NA,NA,NA,NA,NA,NA,5,4,4,4,5,5,3,4,3,5,NA,NA,NA,NA,NA,두끼/내가 만들어 먹을 수 있어서/없음,없음
여,23~26,4학년,일반,1,0,1,1,1,5,5,5,4,5,5,5,4,5,5,5,4,3,4,5,3,4,4,4,4,4,4,4,4,4,3,NA,NA,NA,NA,NA,3,3,3,5,2,3,3,4,4,2,NA,NA,NA,NA,NA,"모두랑/ 가성비가 좋고, 중독성이 강하다. 마지막 볶음밥은 국룰!!","상추튀김/왜 유명한지, 사람이 많은지 전혀 알지 못하겠다. 양에 비해 가격은 터무니없이 비싸고, 떡볶이 양념이 지나치게 달다. 상추와 튀김도 딱히 조화롭다고 생각되지 않는다."
여,23~26,5학년,일반,1,0,1,1,1,5,4,3,2,4,5,5,3,1,5,3,3,2,1,2,2,4,5,3,1,3,NA,NA,NA,NA,NA,5,5,5,5,5,3,4,3,2,4,5,4,5,5,5,4,4,5,4,4,새우락/맛있고 너무 친절하다/음...,신전/가격도 적절한 편인데 서비스 진짜 불만족/손님한테 친절히 응대 해주셨으면
여,23~26,3학년,일반,1,1,0,1,0,5,5,5,5,5,5,3,2,2,4,3,5,1,3,4,4,3,2,3,4,3,NA,NA,NA,NA,NA,5,4,4,4,3,NA,NA,NA,NA,NA,4,2,4,5,4,3,3,3,4,3,모두랑 / 싸고 볶음밥 맛있음 / 치즈쌀떡말고 그냥 쌀떡도 있었으면,두끼 / 메뉴 회전율이 별로 / 조금씩 자주 채워넣으면 좋겠다
여,23~26,3학년,일반,0,1,0,0,0,4,NA,NA,NA,NA,NA,3,2,3,3,1,5,1,3,3,5,5,5,1,1,5,NA,NA,NA,NA,NA,NA,NA,NA,NA,NA,5,5,1,3,1,NA,NA,NA,NA,NA,4,5,2,5,5,"신전떡볶이/적절한 가격대, 매운맛 선택 가능, 튀김 종류가 많음, 밥 메뉴도 다양함/주방장이 담배를 많이 피우셔서 청결도가 떨어져 보입니다. 매장은 깨끗한데 주방장 손의 청결도가 의심 되어서 좀 아쉽네요 ","상추튀김/솔직히 맛은 에바다보다 맛있긴 함. 근데 위생이 너무 심각해보임. 앞에 튀김을 쌓아 놓고 파시는데, 튀김이 공기 중에 오래 노출 되어서 산패가 꽤 심각하게 진행되어 있을 뿐만 아니라 먹고 배탈난 적이 있어서 재방문 할 의사가 전혀 없음/ 튀김 제발 안쌓아놓고 팔았으면 좋겠음 하루에 그 많은 양의 튀김을 다 팔지도 못해보이는데 왜 쌓고 파는지 의문임"
남,27~,4학년,일반,1,0,0,0,1,4,4,3,3,4,3,4,4,4,3,4,3,3,3,4,4,4,4,3,4,4,NA,NA,NA,NA,NA,4,4,4,3,4,4,4,3,3,4,3,3,5,5,4,4,4,5,4,3,모두랑/즉석떡볶이를좋아해서/조금더친절한다면 좋은거같습니다,없습니다
남,23~26,4학년,일반,0,1,0,0,0,3,3,3,2,5,2,4,4,3,4,4,NA,NA,NA,NA,NA,2,2,3,3,2,NA,NA,NA,NA,NA,5,4,4,4,4,3,2,2,2,2,4,2,3,4,4,NA,NA,NA,NA,NA,청년다방/여자친구가 좋아함,"신전떡볶이/맵기에 집중함

설문지 만드시느라 고생하셨습니다. 설문지 전체적으로는 다 좋았는데, 비교를 위한 5점 척도였다면 조금 타당성이 떨어지지 않나 라는 생각이 듭니다. 예를 들면 응답자들의 청년다방 5점과, 모두랑 5점이 같은 점수가 아닐 수 있다라는 점이 생각나네요. 문항 전부를 5점 척도로 구성하는 것 보다는, 여러 측정도구를 사용해서 다차원적인 측면으로 설문조사가 집계되면 글쓴이 분께서 더 풍부한 결과를 얻을 수 있을 것 같다! 라는 생각이 들었습니다....!

설문 문항 구성하시느라 정말 고생많으셨구, 유의미한 결과 얻길 바래요~~"
여,27~,3학년,일반,1,0,0,0,0,3,4,4,3,4,4,4,4,4,4,4,3,3,3,4,4,3,3,3,3,3,3,3,4,4,4,3,3,4,3,3,3,3,2,3,3,3,3,4,4,4,4,3,3,3,3,모두랑 가격 청결도,옛날상추튀김 청결도 청결도
여,23~26,4학년,일반,1,1,0,0,1,5,4,3,3,3,3,5,4,2,3,4,3,2,3,3,2,5,5,3,3,4,NA,NA,NA,NA,NA,4,3,5,2,4,3,3,2,4,3,3,2,4,4,4,3,3,3,2,1,"신전 떡볶이/프랜차이즈 중에서도 1인만 먹기 좋은 곳이 드물다. 밀떡이 맛있다/개인적으로는 그런 적 없었지만, 주변 동기들이 불친절하다는 평가를 종종 했다.","에바다 떡볶이/동기들과 포장해서 먹었는데 메뉴 하나를 다른거 주심. 포장이라 그런건지, 가을에 십분거리 가서 먹었는데 김밥이 굳어있는거여서 별로였음."
여,23~26,5학년,의대,1,1,0,0,1,5,NA,NA,NA,NA,NA,4,4,4,4,4,4,4,4,4,4,5,5,4,4,4,NA,NA,NA,NA,NA,NA,NA,NA,NA,NA,4,5,3,4,4,5,5,4,4,4,NA,NA,NA,NA,NA,NA,NA
여,23~26,4학년,일반,1,0,0,0,1,5,5,5,5,5,5,5,3,4,4,4,5,3,3,3,5,4,4,4,3,3,NA,NA,NA,NA,NA,NA,NA,NA,NA,NA,4,5,2,5,3,5,2,5,5,4,NA,NA,NA,NA,NA,"모두랑/에서만먹을수있음, 볶음밥최고/딱히없음",청년다방/짜장떡볶이가맛없음/다른건다괜찮음
여,20~22,2학년,일반,1,0,0,0,0,5,NA,NA,NA,NA,NA,5,3,4,4,4,5,2,4,4,4,4,4,2,3,4,NA,NA,NA,NA,NA,NA,NA,NA,NA,NA,NA,NA,NA,NA,NA,5,5,5,5,5,NA,NA,NA,NA,NA,청년다방/맛있고 무엇보다 서비스가 좋다/전주대점처럼 감자튀김을 더 많이주고 갈릭소스도 듬뿍주면 조켓다,떡볶이가 별로일수도 있나요?
여,23~26,4학년,의대,1,0,1,1,0,5,4,4,4,4,3,3,3,5,4,3,5,3,3,3,4,5,5,3,3,4,NA,NA,NA,NA,NA,4,3,2,3,3,3,5,4,3,3,4,3,5,4,4,NA,NA,NA,NA,NA,엽떡 / 그냥 맛있다 / 가격대가 좀 있고 홀이 별로다,NA
남,23~26,3학년,의대,0,1,1,0,0,2,4,4,4,4,4,3,4,5,5,3,4,2,4,3,4,4,5,4,4,5,NA,NA,NA,NA,NA,NA,NA,NA,NA,NA,NA,NA,NA,NA,NA,4,3,4,5,4,NA,NA,NA,NA,NA,신전떡볶이/저렴하고맛있음/,NA
여,23~26,4학년,일반,1,1,0,0,0,5,4,5,3,3,4,4,3,4,3,3,4,3,3,3,4,4,4,3,4,4,NA,NA,NA,NA,NA,4,4,4,4,4,4,4,3,4,4,4,3,4,3,3,3,3,3,4,3,모두랑/ 대학생이 즐기기 부담스럽지 않은 가격과 양질의 맛/ 에어컨,"두끼/ 엄청 맛있게 느껴지진 않음, 가게 특유의 떡볶이 맛이 없어서 생각나지 않음/ 프렌차이즈이지만 ‘점’만의 강점 만들기"
여,23~26,3학년,의대,1,1,0,0,1,5,NA,NA,NA,NA,NA,4,3,4,3,4,5,3,4,3,5,5,4,4,3,4,NA,NA,NA,NA,NA,NA,NA,NA,NA,NA,NA,NA,NA,NA,NA,5,3,4,5,5,NA,NA,NA,NA,NA,NA,NA
여,23~26,4학년,일반,1,1,0,0,0,5,5,5,4,4,5,5,3,3,4,3,5,3,4,4,4,5,4,3,4,4,NA,NA,NA,NA,NA,NA,NA,NA,NA,NA,NA,NA,NA,NA,NA,5,3,4,4,5,3,4,3,4,2,모두랑/제일 맛있음 특히 볶음밥/청결에 더 신경썼으면 좋겠음,에바다/떡이 부드럽지 않음/떡볶이를 한번에 많이 끓이지 않기
여,20~22,3학년,일반,1,0,0,1,0,2,NA,NA,NA,NA,NA,4,4,3,4,4,3,3,3,3,2,5,5,4,3,5,NA,NA,NA,NA,NA,NA,NA,NA,NA,NA,NA,NA,NA,NA,NA,3,4,4,5,4,NA,NA,NA,NA,NA,신전 / 입맛에 맞음 / 홀 청결에 신경써야할듯.. 더러운 테이블 너무 많음,엽떡 / 떡 다 불어나오고 재료도 난도질한 것 처럼 나옴 / 메뉴얼에 맞춰 음식 조리 해야할 듯
남,23~26,2학년,일반,1,1,0,0,0,4,4,4,3,3,4,3,4,4,4,3,5,4,4,4,4,5,5,5,4,4,NA,NA,NA,NA,NA,3,3,4,4,3,5,4,3,4,4,4,4,4,4,4,4,4,3,4,3,신전 \ 사이드메뉴가 다양하고 가격대비 괜찮음,NA
여,27~,6학년,일반,0,1,0,1,1,4,5,4,4,4,5,4,4,4,1,2,2,1,1,2,1,2,3,1,1,1,NA,NA,NA,NA,NA,5,5,4,5,5,1,1,2,1,2,4,1,4,5,5,1,1,2,1,1,새우락 / 가격저렴 친절 맛있음/매장이 좀더 깨끗하게 관리 되었으면 .. 바퀴벌레 한번 본적 있음,"신전떡볶이 담배피시고 요리, 알바생들 하나같이 불친절, 상추튀김떡볶이집은 떡볶이가 그냥 맛없음 개비쌈 "
여,20~22,3학년,의대,1,0,0,0,0,4,NA,NA,NA,NA,NA,4,4,4,2,4,5,5,3,4,5,NA,NA,NA,NA,NA,NA,NA,NA,NA,NA,NA,NA,NA,NA,NA,NA,NA,NA,NA,NA,5,5,4,5,5,NA,NA,NA,NA,NA,NA,NA
여,23~26,3학년,일반,1,0,0,1,0,4,3,4,2,3,3,4,3,3,3,4,4,2,3,3,4,4,4,3,3,4,NA,NA,NA,NA,NA,NA,NA,NA,NA,NA,4,5,3,4,4,4,3,3,3,4,NA,NA,NA,NA,NA,엽떡 / 맛이 너무 맛있어요!! / 청결도가 높았으면 좋겠습니다! 아무래도 요즘 코로나 때문에 다들 예민하니까요~,없습니다! 제가 먹어본  구정문 떡볶이집들 다 맛있어요!ㅎㅎ
여,20~22,2학년,일반,1,0,0,0,0,5,5,5,4,4,5,4,2,4,5,4,4,3,3,4,4,3,3,3,3,3,NA,NA,NA,NA,NA,NA,NA,NA,NA,NA,5,3,1,4,3,5,3,4,5,5,NA,NA,NA,NA,NA,모두랑 / 내가 즉석떡볶이랑 볶음밥을 좋아하는데 그것을 파는 곳이 모두랑이기 때문이다 / 더러운건 아니지만 분위기 자체가 깔끔하기 보다는 찝찝한 느낌이 든다,내가갔던떡볶이집은다맛있었어서그래도다어느정도만족했다
여,23~26,4학년,일반,1,1,0,1,0,5,4,4,4,5,4,5,4,4,3,4,4,2,2,2,3,5,5,2,3,4,NA,NA,NA,NA,NA,5,5,5,5,3,2,3,2,2,2,5,4,5,5,5,4,4,3,4,4,"청년다방/대표메뉴(차돌떡볶이)로 예를 들자면 차돌, 긴떡, 라면사리, 군만두, 메추리알등 구성과 비주얼적으로 가격대비 괜찮다고 느껴짐, 포장이 깔끔하고 메인 메뉴뿐만 아니라 사이드 메뉴도 맛있음, 긴 떡을 잘라달라고 요청하면 잘라주는 세심함도 좋았음/국물이 달달한 편이라 호불호가 있음, 추가사리의 종류가 좀 더 다양했으면 좋겠음.","구정문상추튀김/가게 밖에서 보이는 산처럼 쌓인 튀김이 별로 먹고 싶게 느껴지지 않음, 떡볶이 떡에 간이 잘 배어있지 않고 양념은 애매한 맛, 가게에 방문했을 때 점원분들이 소리를 질러서 무서웠음."
남,23~26,3학년,의대,0,0,0,0,1,5,NA,NA,NA,NA,NA,5,5,5,4,4,2,2,4,5,2,5,5,4,4,5,2,2,2,2,2,4,4,4,4,4,5,5,5,4,4,4,4,5,5,5,5,4,4,4,3,NA,NA
여,23~26,4학년,일반,1,1,0,0,0,4,4,3,2,3,3,4,4,4,5,3,3,2,3,4,2,5,2,3,3,4,NA,NA,NA,NA,NA,NA,NA,NA,NA,NA,1,1,1,1,1,4,2,3,4,3,1,1,1,3,1,"신전떡볶이/보장된맛과 다양한 사이드메뉴로 먹는데 즐거움을 줌/순대에 초장도 구비해주셨으면 좋겠음! 프랜차이즈라 양이 정해져있어서 아쉬움, 가격대비 양이 적은 느낌임ㅠㅠ","땡땡이상추/위생, 서비스, 맛도 최악임/근6년간 지내면서 먹어본바 맛도 변하고 너무 오랜시간 조리된 음식을 판다는 느낌이 강함. 위생적인 부분과 맛을 필히 개선해야할 것 같음. "
여,23~26,4학년,일반,1,0,0,1,0,5,4,5,5,4,5,2,1,3,3,2,NA,NA,NA,NA,NA,2,3,3,3,2,NA,NA,NA,NA,NA,NA,NA,NA,NA,NA,NA,NA,NA,NA,NA,5,4,5,4,4,NA,NA,NA,NA,NA,또또분식 / 1인 세트메뉴가 있다. / 덜매운게 아쉽긴하지만 다른 메뉴랑 균형 생각하면 적절하다고 생각.,NA
여,23~26,4학년,일반,1,1,0,0,1,5,5,5,4,4,5,4,4,5,4,3,4,3,4,4,4,5,5,5,5,5,NA,NA,NA,NA,NA,4,4,5,4,3,3,4,2,3,1,5,5,5,5,5,5,5,5,5,5,"청년다방/ 떡볶이 자체가 맛있기도 하고, 떡볶이의 퀄리티나 구성이 제 값을 한다고 생각한다. 사이드 메뉴인 버터갈릭감자튀김이 전체적으로 떡볶이와 잘 어울리고 차돌/오짱 메뉴는 청년다방만의 시그니처로 떡볶이와 차돌, 오징어튀김이 매우 잘어울려 자주 찾게 된다./ 떡볶이에 달달한 맛이 비중이 커서 많이 먹게 되면 조금 물릴때가 있다.

신전떡볶이/ 적당한 가격과 1인분도 주문가능하다는 점이 매력적이고 떡볶이 맛은 중독성있는 매운맛으로 계속 생각나게 한다. 특히 사이드 메뉴인 컵밥이나 치즈김밥, 오뎅튀김이 떡볶이 맛을 더 향상시켜준다. 떡볶이,컵밥,튀김을 다해도 15000원 정도의 가격으로 요즘 다른 떡볶이 매장을 생각하면 가성비가 좋다.
/개선할 점은 없다. 다만, 떡볶이의 떡 외에 어묵이나 양배추같은 다른 재료를 좋아하는 사람이라면 불호일 듯 싶다.","상추튀김/ 떡볶이에서 텁텁한 맛이 났으며, 단맛이 강해 많이 먹기는 힘들었다. "
여,23~26,4학년,일반,1,0,0,0,0,3,4,5,4,4,5,NA,NA,NA,NA,NA,4,1,3,3,3,5,4,5,4,4,NA,NA,NA,NA,NA,4,4,4,4,4,3,2,3,3,2,5,2,5,5,4,5,5,3,3,4,"모두랑, 볶음밥이 너무 맛있다","상추튀김, 떡볶이가 맛이 별로, 소스 맛이 떡에 더 뱄으면 좋겠음"
여,20~22,3학년,일반,1,0,0,0,0,4,5,5,3,4,5,5,4,4,4,4,4,3,3,3,3,5,5,3,3,3,NA,NA,NA,NA,NA,NA,NA,NA,NA,NA,NA,NA,NA,NA,NA,5,4,4,5,5,NA,NA,NA,NA,NA,모두랑/볶음밥이 너무 맛있어요/청결,"신전/ /서비스, 맛"
여,20~22,2학년,일반,1,0,0,0,0,5,5,5,3,5,5,NA,NA,NA,NA,NA,1,1,1,1,1,NA,NA,NA,NA,NA,NA,NA,NA,NA,NA,NA,NA,NA,NA,NA,5,5,3,5,4,4,4,4,4,4,NA,NA,NA,NA,NA,모두랑/맛남/청결,동대문엽기/맛없음/맛있어지길
남,23~26,3학년,일반,0,0,0,0,0,2,4,4,4,4,4,2,5,3,3,3,4,3,4,4,4,4,4,3,3,3,NA,NA,NA,NA,NA,NA,NA,NA,NA,NA,3,3,3,3,3,4,4,4,4,4,NA,NA,NA,NA,NA,청년다방/가격도 적당하고 깨끗한 것 같다.,상추튀김/위생이랑 맛이 별로다./위생관리 및 떡볶이 맵기 조절
남,23~26,6학년,의대,0,1,0,0,0,4,3,5,3,4,4,4,2,4,4,3,NA,NA,NA,NA,NA,NA,NA,NA,NA,NA,NA,NA,NA,NA,NA,NA,NA,NA,NA,NA,3,4,2,3,3,4,2,5,4,4,NA,NA,NA,NA,NA,청년다방/깔끔하고 맛있음/가격이 떡볶이치고는 비싸다,NA
여,23~26,5학년,의대,1,1,0,1,0,4,5,5,4,5,5,NA,NA,NA,NA,NA,NA,NA,NA,NA,NA,3,3,3,2,3,NA,NA,NA,NA,NA,NA,NA,NA,NA,NA,4,4,3,4,3,4,3,3,3,4,NA,NA,NA,NA,NA,NA,NA
여,23~26,3학년,의대,1,0,1,0,0,3,NA,NA,NA,NA,NA,5,5,5,3,5,5,4,5,5,5,5,5,5,5,5,NA,NA,NA,NA,NA,NA,NA,NA,NA,NA,NA,NA,NA,NA,NA,1,4,5,5,1,NA,NA,NA,NA,NA,NA,NA
여,20~22,2학년,일반,0,0,0,1,0,4,NA,NA,NA,NA,NA,4,5,3,3,3,5,2,3,3,4,5,3,2,3,3,4,4,3,4,3,4,4,2,4,4,4,3,3,4,4,5,5,4,4,5,NA,NA,NA,NA,NA,"청년다방, 토핑이 다양해서 좋고 사이드감튀가 너무 맛있다, 2명이서 먹기에 중은 많고 약간 비싸서 저렴하고 1-2인이 먹을수 있는정도가 나왔으면 좋겟다.","땡땡이상추튀김, 점점 가격에비해 양이 적다, 양이 좀 많았으면 좋겠다."
여,23~26,4학년,일반,1,1,0,0,0,4,5,4,4,5,4,4,4,5,3,5,3,2,4,3,2,4,4,2,2,2,NA,NA,NA,NA,NA,4,4,3,4,4,3,4,3,4,4,5,3,5,4,4,3,3,2,2,2,청년다방/평소에 좋아하는브랜드 맛있고 깨끗한거같음,신전 /직원들이 불친절한거같음
여,23~26,3학년,의대,1,1,1,1,1,5,3,5,3,4,4,3,4,4,3,3,5,4,4,4,5,5,5,4,4,4,NA,NA,NA,NA,NA,NA,NA,NA,NA,NA,5,3,NA,2,4,4,3,4,4,4,NA,NA,NA,NA,NA," 엽떡/ 너무너무너무 맛있음,,,, 맛으로 압승","두끼/내가 못만들어서, 튀김을 별로 안좋아해서"
여,23~26,5학년,의대,1,1,1,0,0,5,5,5,3,4,5,4,4,3,3,3,5,2,3,2,4,5,5,3,3,4,NA,NA,NA,NA,NA,NA,NA,NA,NA,NA,3,5,3,4,3,5,4,4,3,4,NA,NA,NA,NA,NA,모두랑/ 적절한양 그리고 최고의가격 ♡,엽떡/매장방문시 불친절하셨음 ㅠㅠㅠ..
여,23~26,4학년,일반,1,1,1,1,1,5,5,5,5,5,5,3,2,5,5,4,5,3,4,4,4,5,5,4,5,5,NA,NA,NA,NA,NA,NA,NA,NA,NA,NA,3,3,2,5,4,5,2,5,5,3,NA,NA,NA,NA,NA,모두랑/가격대비 맛의 만족도 높음/1인배달메뉴,상추튀김/위생상 좋아보이지는 않음/깨끗해보였으면 좋겠음
남,23~26,3학년,일반,1,1,0,1,1,4,4,5,4,5,5,4,3,5,5,2,5,2,4,4,2,4,2,1,2,2,NA,NA,NA,NA,NA,5,5,5,5,5,3,2,4,5,1,5,4,5,5,5,NA,NA,NA,NA,NA,새우락이 아마 무꼬뭐꼬 떡볶이일텐데 이거/ 15900원에 비엔나 떡 오뎅 돈까스 독일 후랑크소세지 등 가성비 오진다 심지어 떡은 사리추가 기분으로해주심 / 개선점은 없어서 완벽하다생각,신전 원래 되게좋아하는데 신전은 매운맛 시키면 다른데랑 다르게 안면마비올정도고 떡 상태도 별로안좋음 /그냥 사장이 돈벌려고 재료 상해도 쓰는거같음
남,23~26,4학년,의대,1,0,1,0,0,3,4,5,2,3,3,4,5,4,4,5,4,2,3,3,3,NA,NA,NA,NA,NA,NA,NA,NA,NA,NA,NA,NA,NA,NA,NA,NA,NA,NA,NA,NA,3,2,4,4,2,NA,NA,NA,NA,NA,두끼/무한리필/딱히없음,엽떡/타지점에비해 맛이떨어짐/볶음밥 메뉴 더욱 개발
여,20~22,2학년,일반,1,1,0,1,0,5,3,4,3,3,2,4,4,4,3,4,4,2,3,3,3,3,3,2,2,2,NA,NA,NA,NA,NA,4,4,4,3,4,3,3,2,2,2,5,4,5,5,5,5,5,4,3,4,청년다방/제일 친절하고 존맛탱이었다/없다,신전/아무리 점바점 심해도 너무 심함 ㅠ 떡볶이 양념이 너무 별로였다ㅠ
여,23~26,4학년,일반,1,1,1,1,1,5,3,5,3,4,3,4,3,4,3,3,5,4,4,4,5,5,5,3,3,4,NA,NA,NA,NA,NA,NA,NA,NA,NA,NA,2,2,2,2,1,5,4,4,4,5,NA,NA,NA,NA,NA,신전떡볶이 / 가격이 정말 저렴하고 요즘엔 2~4인으로 묶어서 파는 곳이 많기 때문에 1인분 떡볶이를 먹을 수 있다는 점이 가장 큰 메리트인 것 같다. 심지어 맛도 좋음..! 그리고 컵밥이나 김밥까지 같이 시켜서 먹어도 크게 부담되지 않고 맛있고 배부른 한 끼 식사를 할 수 있어서 좋은 것 같다. / 종종 위생 관련 문제로 언급이 되는 것으로 알고 있어서 위생에 좀 더 신경써주셨으면 좋겠다..,상추튀김 / 가격이 싼 편이라고 생각되지도 않는데 맛도 없었다 .. 그래서 더욱 비싸게 느껴졌다.. / 좀 더 맛있게 만들어주시면 좋을 것 같다..
남,23~26,4학년,일반,1,0,0,0,0,4,4,4,4,4,5,3,4,5,5,4,4,3,4,4,4,5,4,4,4,4,NA,NA,NA,NA,NA,5,4,4,4,4,4,3,3,4,3,5,5,5,5,5,5,5,4,5,4,청년 다방/맛있다,NA
여,23~26,3학년,일반,1,0,0,1,1,5,4,4,3,5,4,4,4,4,4,4,4,4,2,2,2,5,5,5,5,5,4,4,4,4,4,4,4,4,4,4,NA,NA,NA,NA,NA,NA,NA,NA,NA,NA,5,5,5,5,5,신전떡볶이/메뉴다양/가격 비쌈,없음
여,20~22,2학년,일반,1,0,0,0,0,5,4,3,3,4,3,3,4,2,3,4,3,2,2,3,2,3,4,2,2,3,NA,NA,NA,NA,NA,5,5,3,4,4,3,3,3,4,3,4,2,4,4,3,5,5,3,5,5,에바다 너무 맛있어요,신전 불친절해요 흡연자 있어서 담배냄새나요
여,20~22,2학년,일반,1,0,0,1,0,5,NA,NA,NA,NA,NA,5,5,5,NA,5,5,3,4,4,5,4,5,5,4,5,NA,NA,NA,NA,NA,NA,NA,NA,NA,NA,NA,NA,NA,NA,NA,3,2,5,4,3,NA,NA,NA,NA,NA,"두끼/자유롭게 소스를 배합해서 먹을 수 있다는 점이 가장 좋았고, 무한리필이라는 이점 그에 비해 가격은 저렴한 것 같아 좋았습니다","청년다방/ 제 입맛에는 너무 달게 느껴졌고, 양에 비해 가격이 비싸다고 생각합니다"
여,20~22,3학년,일반,1,1,1,1,1,5,5,5,4,4,5,NA,NA,NA,NA,NA,5,3,3,3,5,5,5,2,2,4,NA,NA,NA,NA,NA,NA,NA,NA,NA,NA,4,4,3,3,4,5,3,4,4,5,5,4,4,5,5,청년다방 / 존맛!,상추튀김 / 뭔가 끌리는 느낌 부족
남,23~26,6학년,의대,1,1,0,0,1,4,5,5,4,4,5,3,4,5,5,4,4,5,4,4,4,5,5,4,5,4,NA,NA,NA,NA,NA,NA,NA,NA,NA,NA,NA,NA,NA,NA,NA,5,3,5,5,5,NA,NA,NA,NA,NA,"신전떡볶이/떡볶이 맛 괜찮고 컵밥, 튀김등 사이드 음식이 맛있다. 배달최소주문 금액이 좀 낮으면 더 이용할것 같다.","두끼 / 직접 해먹는 떡볶이라는 매력이 상당하고, 맛있게 만들면 맛있겠지만 소스맛이 아쉬웠다."
여,23~26,4학년,일반,1,0,0,0,0,3,5,5,3,4,5,3,3,4,3,3,5,3,3,3,5,5,5,4,3,4,NA,NA,NA,NA,NA,NA,NA,NA,NA,NA,3,3,2,4,2,4,3,5,4,4,2,4,3,4,2,NA,NA
남,23~26,3학년,일반,1,1,0,1,1,5,3,5,3,3,2,5,5,5,4,5,5,5,5,3,4,5,5,4,2,4,3,4,3,4,2,4,4,4,3,2,5,4,2,3,4,4,4,4,4,4,5,5,5,5,5,"에바다/부산에서 먹는듯한 굵직한 떡볶이와 그에 걸맞는 걸쭉한 소스, 그리고 TMI인데 이 떡볶이집의 찐은 튀김범벅이라고 생각합니다. 진짜 쓰면서도 먹고 싶어지는데 떡볶이 국물에 튀김을 찍어먹는건 인생의 진리입니다/테이블수가 적고 홀자체가 좁은게 아무래도 개선점이지 않을까 싶습니다.","모두랑/1학년때 가봤었는데 사실 왜 사람들이 모두랑을 좋아하는지 모르겠습니다만 취향은 사람마다 다 다른거니까요... 왜 별로였냐면 떡이 맥아리가 없었습니다. 흐물흐물해서 식감이 생각보다 별로였고, 마지막에 볶음밥이 약간 죽도 아니고 볶음밥도 아니고 그 사이 어딘가에 존재하는 느낌이였네요./볶음밥만 어떻게 된다면 괜찮을 것 같습니다."
남,23~26,3학년,일반,1,0,0,0,1,5,3,3,3,3,3,3,3,2,2,3,2,2,3,3,2,3,2,2,2,3,NA,NA,NA,NA,NA,NA,NA,NA,NA,NA,2,2,2,2,2,5,4,4,4,4,NA,NA,NA,NA,NA,청년다방/맛/없음,엽떡/맛/맛
여,23~26,4학년,일반,1,1,1,0,0,5,3,5,3,3,4,3,3,3,4,4,3,2,1,2,2,4,5,2,3,3,NA,NA,NA,NA,NA,4,4,4,4,4,2,5,1,1,2,5,3,5,5,5,4,5,4,4,4,"청년다방, 가장 깨끗한 것 같다",상추튀김.. 1학년때부터 종종 갔는데 너무 비위생적이고 떡이 거의 매번 안 익어있다.. 튀김도 쌓아놓고 팔아서 넘 물러졌다해야하나 ㅠㅠ
여,27~,3학년,일반,1,1,0,0,0,4,4,4,4,3,4,NA,NA,NA,NA,NA,3,2,3,2,2,5,4,4,3,5,NA,NA,NA,NA,NA,NA,NA,NA,NA,NA,2,3,3,3,2,5,3,4,3,4,NA,NA,NA,NA,NA,신전떡볶이/가격도 적절하고 맛도 딱 적당히 매워서 좋아요 사이드메뉴도 시킨것중에 실패한게 없을만큼 전반적으로 다 맛있어서 자주갑니다!/개선이 필요한부분은 딱히 생각나는게 없네요 오래오래 하셨으면 좋겠다..?,엽떡/가격이 너무 비싸요 비싸서 여럿이서 먹으면 양이 너무 적어서.. 맛에 대한 평가는 제 입맛에 안맞는거 같아요 주변 평은 좋아요/가격
여,23~26,3학년,일반,1,0,0,0,0,3,3,3,2,3,3,4,4,4,4,4,3,3,2,2,2,4,4,3,3,3,NA,NA,NA,NA,NA,NA,NA,NA,NA,NA,3,3,3,3,3,3,3,3,3,3,NA,NA,NA,NA,NA,두끼,NA
남,20~22,2학년,일반,1,0,1,0,0,3,5,5,3,4,5,4,3,5,5,4,4,4,4,5,4,4,5,3,4,4,NA,NA,NA,NA,NA,NA,NA,NA,NA,NA,NA,NA,NA,NA,NA,4,3,4,4,4,NA,NA,NA,NA,NA,모두랑/당면추가하면 개맛있음,다 맛있었음
여,20~22,2학년,일반,1,1,1,1,1,5,3,4,4,3,3,3,4,4,3,3,5,4,4,5,5,5,5,3,4,5,NA,NA,NA,NA,NA,4,4,3,4,3,NA,NA,NA,NA,NA,2,2,3,3,2,NA,NA,NA,NA,NA,동대문엽기떡볶이 / 너무 맛있습니다/ 딱히 없습니다,그래도 떡볶이면..다 좋아요 ㅎㅎ 별로인곳은 딱히 없지만 있다면 청년다방인데 거기는 너무 달게 느껴져서 제 입맛과 조금 안맞아서 그래요! 
남,20~22,2학년,의대,0,1,0,0,0,4,NA,NA,NA,NA,NA,4,4,3,3,4,5,3,4,4,5,5,3,4,4,5,NA,NA,NA,NA,NA,NA,NA,NA,NA,NA,NA,NA,NA,NA,NA,4,3,4,4,4,NA,NA,NA,NA,NA,NA,NA
여,20~22,3학년,일반,1,0,0,0,0,4,4,4,4,4,3,4,3,3,3,3,3,2,2,3,3,3,3,2,2,3,NA,NA,NA,NA,NA,NA,NA,NA,NA,NA,3,3,2,3,3,4,2,3,3,4,3,3,3,3,3,NA,NA
여,20~22,2학년,일반,1,0,0,0,1,5,4,4,3,3,3,4,4,3,3,2,5,5,3,3,5,NA,NA,NA,NA,NA,5,3,3,3,5,5,3,3,3,5,3,3,3,3,3,5,3,3,3,4,4,4,3,4,4,엽떡♡♡♡♡ 넘 맛있어요 ♡♡ 양이 많아서 절대루 안비싸보임 개선안해두대 사랑해엽떡,딱히 별로인곳은 없음다
여,23~26,5학년,일반,1,0,0,0,1,5,3,4,3,3,3,4,4,3,3,3,3,3,3,3,3,2,3,2,2,2,NA,NA,NA,NA,NA,NA,NA,NA,NA,NA,3,3,3,3,3,5,1,3,3,3,2,3,3,3,3,청년다방 맛있음 ,양념이 약함
남,23~26,3학년,의대,1,0,1,1,1,4,3,2,2,4,1,4,3,3,2,3,4,2,2,2,3,4,2,1,1,1,NA,NA,NA,NA,NA,NA,NA,NA,NA,NA,3,3,1,3,1,5,4,5,5,5,NA,NA,NA,NA,NA,청년떡볶이/ 깨끗하고 맛있음/ 가격할인으로 싸게하면 좋겠음,상추튀김/ 더러워서/ 좀 더 청결에 신경써줬으면 합니다
여,20~22,3학년,일반,1,0,0,1,0,5,4,4,3,4,4,NA,NA,NA,NA,NA,5,3,4,3,4,5,4,3,4,4,NA,NA,NA,NA,NA,5,4,4,4,4,5,4,3,4,4,5,3,4,4,5,5,4,3,4,5,에바다떡볶이/옛날 떡볶이 그대로라 너무 좋았어요></ 좀 깨끗했으면 좋겠어욯ㅎ,없어요!!
여,23~26,4학년,일반,1,0,0,0,1,4,3,5,4,3,3,4,3,4,5,4,5,3,4,4,5,5,5,4,3,5,NA,NA,NA,NA,NA,NA,NA,NA,NA,NA,4,3,2,3,2,5,3,4,5,5,4,3,3,4,3,신전/떡볶이 1인분 가격이 합리적이고 튀김이 맛있음/점원이 친절하지 않음,모두랑/명성에 비해 맛있지 않고 자리가 좁음/맛
여,20~22,2학년,일반,1,0,0,0,0,5,NA,NA,NA,NA,NA,4,4,2,3,3,4,3,3,3,3,3,4,4,3,2,NA,NA,NA,NA,NA,NA,NA,NA,NA,NA,4,3,4,4,4,4,3,4,4,4,NA,NA,NA,NA,NA,상추튀김집 떡볶이 / 옛날 떡볶이맛 추억 돋았슴둥 / 조금만 더 달게 ..ㅎㅎ 제 입맛에는 ...,두끼 / 지저분하다는 느낌을 가장 많은 곳이었다 / 청결성과 직원들의 친절성 ..?
남,23~26,4학년,일반,0,1,0,0,0,5,3,4,2,3,3,4,5,4,2,3,2,3,3,2,1,2,3,3,2,1,NA,NA,NA,NA,NA,NA,NA,NA,NA,NA,3,1,1,1,1,4,3,4,3,4,4,4,2,3,3,"청년다방
테이블, 식기류가 깔끔함
불맛을 좋아하는데 차돌떡볶이 불맛이 정말 잘 살아있음
하지만 프렌차이즈라 가격이 비싸다","상추튀김
가격 너무 비싸고 맛도 그닥 청결은 최악
개선의 여지가 없어보인다 왜 장사 잘되는지 의문"
여,23~26,5학년,의대,1,0,1,0,0,5,2,4,2,3,3,3,3,3,3,3,3,2,2,3,3,4,3,3,3,4,NA,NA,NA,NA,NA,3,2,3,3,2,2,3,2,2,2,5,2,3,3,4,3,4,3,4,4,청년다방/무엇보다 맛이 좋음/가격이 비쌈,모두랑/ 볶음밥은 괜찮다고들 하는데 떡볶이 자체가 맛있진 않음 / 떡이 좀 가늘어서 양념이 잘 배였으면 좋겠음
여,20~22,3학년,일반,1,0,0,0,0,5,4,4,3,4,5,4,3,4,3,5,2,4,3,4,4,4,3,4,4,5,NA,NA,NA,NA,NA,5,4,4,4,5,3,4,3,4,4,4,4,5,4,4,3,3,3,4,4,두끼/다양한 음식이 있고 포장도 가능하다/,"엽기떡볶이/대부분 엽떡은
맛있는데 점은 맛있는지 모르겠다"
여,23~26,4학년,일반,1,1,0,0,0,5,3,4,4,5,3,4,4,4,4,4,4,5,4,4,4,5,5,4,4,5,NA,NA,NA,NA,NA,NA,NA,NA,NA,NA,NA,NA,NA,NA,NA,5,3,5,5,5,2,3,3,3,2,"청년다방/다른 지점들과 비교했을 때 상대적으로도, 절대적으로도 맛과 홀운영의 모든 서비스(쉽게 직원을 부를 수 있는지, 친절한지, 감튀소스요청 수령 등)가 좋다. 앞치마도 깨끗하다./이 지점의 문제가 아니지만 가격이 조금 쎈편인 것이 제일 아쉽다.",에바다/양도 적지만 뭐가 맛있는지 모르겠다. 생각나지 않는 맛이어서 무엇을 먹을지 정할 때 후보에 넣지 않는다./보관상태가 좋아보이지 않는다.
여,23~26,3학년,일반,1,1,0,0,0,4,5,5,1,1,4,4,3,3,3,2,3,3,3,3,2,4,5,1,2,3,NA,NA,NA,NA,NA,5,4,4,4,4,3,4,3,3,3,5,4,4,4,4,NA,NA,NA,NA,NA,맛으로는 모두랑이 원탑인데 불친절하고 종종 먹던 숟가락으로 볶음밥 볶아주시는거..? 근데 맛때문에 갑니다 ㅠ,개인적으로 옛날상추튀김..? 옛날맛이긴 한데 그 돈이면 신전 갈 것 같아요 제가 쌀떡을 안좋아하기도 해요
여,23~26,4학년,일반,1,1,0,0,1,5,4,4,3,4,4,4,3,3,4,4,5,3,4,4,5,4,5,4,4,4,NA,NA,NA,NA,NA,4,4,4,4,5,3,4,3,3,3,4,4,4,4,4,4,5,4,4,5,또또분식/다른 메뉴와 조합이 좋음/구정문과 멈,옛날땡땡이상추튀김/청결하지 않음/맛과 청결개선
여,23~26,4학년,일반,1,0,0,0,1,3,5,5,4,4,5,4,4,4,4,4,1,1,3,3,1,5,5,4,4,4,NA,NA,NA,NA,NA,NA,NA,NA,NA,NA,4,4,2,3,3,4,3,4,4,4,4,5,4,4,4,모두랑/ 볶음밥이 가장 맛있는 곳 ,상추튀김. 튀김이 항상 쌓여있는데 위생에 신뢰가 가지 않음
여,23~26,3학년,의대,1,0,1,1,1,5,4,4,3,3,4,NA,NA,NA,NA,NA,4,3,4,4,4,NA,NA,NA,NA,NA,NA,NA,NA,NA,NA,NA,NA,NA,NA,NA,2,3,3,4,3,NA,NA,NA,NA,NA,NA,NA,NA,NA,NA,모두랑/가격도 괜찮고 맛있었다,옛날땡땡이상추튀김/ 너무 달았다/ 단맛 줄이고 매운맛이 나면 좋겠다
여,20~22,3학년,일반,1,0,0,1,0,3,3,2,2,3,3,4,2,3,3,3,2,2,3,4,3,3,4,3,1,3,NA,NA,NA,NA,NA,5,4,4,5,5,2,1,1,3,1,3,2,3,3,3,NA,NA,NA,NA,NA,새우락/새우튀김이 특히 맛있고 떡볶이도 맛있다/몸통부분만 껍질을까주신다음 튀겨주셨음 좋겠다,옛날땡땡이상추튀김/24시간이라는 장점이 있지만 맛이없는데 가격은 너무비싸다/가격 인하
남,23~26,4학년,일반,1,0,1,0,0,4,4,5,4,5,5,4,5,5,3,4,4,3,4,3,3,4,4,5,4,4,NA,NA,NA,NA,NA,NA,NA,NA,NA,NA,2,3,2,3,3,5,4,5,5,5,5,5,4,5,5,"청년다방/다양한 종류의 떡볶이와 에이드, 사이드들, 그리고 후식으로 먹는 볶음밥/가격이 아살짝 비싼거빼곤 완벽","땡땡이상추튀김/맛없음, 이모들 불친절한듯, 가격대비 양도 별로/ 앞의 이유들 개선필요"
남,20~22,3학년,일반,1,0,0,0,0,4,NA,NA,NA,NA,NA,3,2,4,4,3,NA,NA,NA,NA,NA,NA,NA,NA,NA,NA,NA,NA,NA,NA,NA,NA,NA,NA,NA,NA,NA,NA,NA,NA,NA,4,4,4,4,4,NA,NA,NA,NA,NA,"청년다방, 가격도 적당하고 맛있음",NA
여,23~26,4학년,일반,1,1,0,0,0,5,5,5,4,4,5,2,4,5,4,2,5,3,5,4,5,4,5,5,5,4,NA,NA,NA,NA,NA,4,4,2,3,2,5,5,5,5,5,5,4,5,5,5,4,5,3,5,3,모두랑 / 가성비와 맛 모두 굿 / 벨이 없어 바쁠때 목소리를 못들으심,새우락 / 위생 / 개선필요
남,23~26,3학년,일반,0,1,0,1,0,3,5,4,5,3,5,5,3,4,3,5,4,4,3,4,5,5,4,5,4,5,4,3,4,4,4,4,4,3,3,3,4,4,3,3,3,5,4,4,4,4,3,4,3,4,4,모두랑. 싸고 볶음밥 맛있음  / 떡볶이맛 개발,없어요 그냥 다 괜찮았어요
여,20~22,2학년,일반,1,0,0,0,0,4,4,5,3,4,4,NA,NA,NA,NA,NA,5,4,4,3,4,NA,NA,NA,NA,NA,NA,NA,NA,NA,NA,NA,NA,NA,NA,NA,NA,NA,NA,NA,NA,5,3,4,4,4,NA,NA,NA,NA,NA,NA,NA
여,23~26,3학년,일반,1,1,1,1,0,5,4,5,4,4,5,5,3,4,4,3,5,3,4,5,4,4,4,3,3,4,NA,NA,NA,NA,NA,5,3,5,5,4,NA,NA,NA,NA,NA,5,4,5,5,5,3,4,4,5,3,NA,에바다떡볶이집 떡볶이 맛이 없었다.. 조금 더 양념이 떡에 베어들면 좋겠다
여,23~26,4학년,일반,1,0,0,0,0,3,NA,NA,NA,NA,NA,3,4,4,3,3,4,2,3,2,3,3,4,3,2,3,NA,NA,NA,NA,NA,NA,NA,NA,NA,NA,2,3,3,4,2,4,4,4,4,3,NA,NA,NA,NA,NA,엽떡/ 서비스는 둘째치고 맛있음,상추튀김/ 맛이 너무 맹맹?함 단순함
남,20~22,2학년,의대,0,1,0,0,0,4,NA,NA,NA,NA,NA,NA,NA,NA,NA,NA,NA,NA,NA,NA,NA,NA,NA,NA,NA,NA,NA,NA,NA,NA,NA,NA,NA,NA,NA,NA,NA,NA,NA,NA,NA,4,3,2,2,3,NA,NA,NA,NA,NA,NA,NA
여,20~22,2학년,일반,1,0,0,0,0,5,3,3,3,3,2,4,2,3,3,4,4,4,3,3,5,5,4,4,4,5,NA,NA,NA,NA,NA,NA,NA,NA,NA,NA,4,4,3,4,3,5,3,3,4,5,4,4,3,3,3,"신전 떡볶이집을 가장 많이 먹게 돼요! 엽떡도 좋아하는데 혼자나 둘이 먹기 벅찬 양과 값을 이유로 잘 안먹게 되고, 맛도 있고 양도 적당하고 배달도 빨라요! 값이 조~금 더 싸면 더 좋을거같아요..!","그 외의 떡볶이집들은 다 비슷~ 비슷 한 것 같아요 청년다방이랑 두끼까지는 엽떡 축에 속하고, 개인 떡볶이 집들은 다 비슷해요!"
남,23~26,4학년,의대,1,1,1,0,0,4,4,4,3,3,3,2,3,3,3,2,3,3,3,3,2,4,5,3,3,4,NA,NA,NA,NA,NA,NA,NA,NA,NA,NA,4,4,3,3,4,4,3,3,3,4,3,3,3,3,2,"신전/가성비, 맛/포장이 더 철저했음 좋겠다",두끼/싼맛이 난다/ 소스를 좀 더 잘 만들었음 한다
여,20~22,2학년,일반,1,0,0,1,1,4,4,5,3,4,4,3,2,3,2,3,3,2,3,4,3,3,3,3,3,3,NA,NA,NA,NA,NA,NA,NA,NA,NA,NA,4,3,2,3,3,4,2,3,3,3,NA,NA,NA,NA,NA,모두랑!!!! 모두랑 진짜 너무 맛있어요 가격도 괜찮은편이고 개선점은 굳이 찾자면 위생을 쪼끔만 더 신경써주셨으명,없습니당 다 최소 평균치는 했다고 생각해요
여,23~26,4학년,일반,1,0,0,0,0,5,4,4,4,5,4,4,4,4,3,4,NA,NA,NA,NA,NA,4,4,4,4,4,NA,NA,NA,NA,NA,NA,NA,NA,NA,NA,4,3,3,3,3,4,3,4,5,4,NA,NA,NA,NA,NA,청년다방/버갈튀 소스리필 등 매우 친절/가격이지만 체인점이므로 그냥 먹음,별로라고 느낀 집은 없습니다
여,23~26,4학년,의대,1,0,0,1,0,4,4,5,3,4,4,5,5,5,4,5,5,2,3,3,4,5,4,4,4,4,NA,NA,NA,NA,NA,NA,NA,NA,NA,NA,NA,NA,NA,NA,NA,5,2,3,5,5,NA,NA,NA,NA,NA,청년다방/떡볶이계의 혁신 진짜 너무 맛있어요 그리고 서비스가 진짜 최고! 엄청 친절해요/가격이좀ㅠ,떡볶이 너무 좋아요 진짜 더 생겼으면좋겠어요
여,20~22,2학년,일반,1,0,0,0,0,5,4,4,2,3,3,3,5,4,3,3,5,3,3,3,4,3,4,3,2,2,NA,NA,NA,NA,NA,NA,NA,NA,NA,NA,NA,NA,NA,NA,NA,2,2,4,3,1,NA,NA,NA,NA,NA,엽떡/맛이최고/튀김이맛없어요,청년다방/맛이 별로 없음/사이드 감튀는 좋아서 떡볶이 맛만 바뀌면 자주 갈 듯
여,20~22,2학년,일반,1,1,0,0,0,5,4,5,3,4,4,5,5,4,4,5,5,3,4,4,5,4,5,4,4,4,NA,NA,NA,NA,NA,NA,NA,NA,NA,NA,4,4,4,4,4,5,4,5,5,5,NA,NA,NA,NA,NA,청년다방/맛있는데다가 버갈튀에 소스 자주 뿌리러 다녀주셔서 넘나 행복쓰??존맛탱탱탱><,별로였던 곳은 없구 새로 생긴 배떡!!! 로제떡볶이!!!먹어보고싶네용ㅎㅅㅎ
여,23~26,4학년,일반,1,0,1,0,0,4,2,3,3,3,2,3,3,2,2,2,5,2,3,3,4,3,5,3,3,2,NA,NA,NA,NA,NA,3,3,4,3,2,NA,NA,NA,NA,NA,5,2,4,4,4,3,2,3,3,1,청년다방/너무 맛있습니다/ 1. 식사 공간이 넓었으면 좋겠습니다. 2. 학기가 개학하면 줄이 길게 늘어서는 경우가 많은데 기다리는 공간이 정비가 되면 좋겠습니다. 3.차돌박이 떡볶이속 소고기가 너무 익혀져나와 질깁니다. 조금만 덜 익히면 더 맛있을것같습니다. ,"모두랑 떡볶이집/ 가격에 비해 양이 적은편인것같고, 떡볶이가 밍숭맹숭하게 달기만 합니다/ 1. 떡볶이가 조금 더 깊은 맛이 났으면 좋겠습니다. 2. 사리를 더 많이 넣어주었으면 좋겠습니다."
남,23~26,2학년,일반,1,0,0,0,0,4,4,4,5,4,4,4,4,5,4,5,5,4,5,5,5,5,5,5,5,5,5,4,5,4,4,NA,NA,NA,NA,NA,4,4,4,4,3,5,4,5,5,4,4,4,4,5,4,동대문엽기떡볶이/말이 필요없다 떡볶이 no.1 체인점/개선점 없음 이대로를 유지할 것,내가 가리지않고 다 잘먹는편이라 별로였던 곳은 딱히 없었던 것 같다
여,23~26,4학년,일반,1,0,0,1,1,5,5,5,4,4,5,5,4,4,4,5,5,3,4,4,5,4,5,4,3,4,NA,NA,NA,NA,NA,NA,NA,NA,NA,NA,3,3,1,2,1,3,2,4,3,2,3,3,4,3,3,모두랑/즉석떡볶이라서 좋고 가성비도 좋고 볶음밥도 맛있음/개선점 없음!,옛날상추땡땡이/위생과 서비스 문제/더 소비자들의 입장에서 생각했으면 좋겠음
여,20~22,3학년,일반,1,0,0,0,1,5,3,4,5,5,4,4,4,5,5,5,4,3,5,5,5,3,4,5,5,5,NA,NA,NA,NA,NA,NA,NA,NA,NA,NA,5,5,5,5,5,5,4,5,5,5,4,5,5,5,5,청년다방/메뉴가 신선하다,모두랑떡볶이/너무 빨리 퍼진다
여,23~26,4학년,일반,1,0,0,1,0,4,4,5,5,5,5,4,5,5,4,4,5,4,4,4,5,4,5,5,4,4,NA,NA,NA,NA,NA,NA,NA,NA,NA,NA,4,5,4,4,3,5,3,5,5,4,NA,NA,NA,NA,NA,청년다방/맛이 호불호없이 극호가 많았다!/가격대가 살짝아쉽다,없다
남,27~,4학년,일반,0,0,0,0,1,4,4,5,4,5,5,4,4,2,4,4,5,3,4,4,5,5,5,3,4,5,4,5,4,4,3,4,3,4,4,4,5,4,4,4,4,3,3,4,3,4,4,3,4,3,4,모두랑/저렴깔끔/없음,에바다/양이 에바/더 많은 양 추가
여,23~26,4학년,일반,1,1,0,0,0,5,4,4,3,4,5,4,2,3,3,1,NA,NA,NA,NA,NA,4,3,3,2,3,NA,NA,NA,NA,NA,2,3,3,3,1,3,4,3,3,3,4,2,3,4,4,NA,NA,NA,NA,NA,NA,NA
여,23~26,4학년,일반,1,0,0,0,0,4,3,4,3,3,3,4,3,3,4,3,4,3,3,4,5,3,4,3,4,4,NA,NA,NA,NA,NA,NA,NA,NA,NA,NA,NA,NA,NA,NA,NA,4,3,4,4,4,4,4,4,4,4,NA,NA
여,23~26,5학년,일반,1,1,0,0,1,5,4,4,2,3,5,4,3,4,5,3,5,2,2,2,3,4,5,2,1,3,NA,NA,NA,NA,NA,5,5,2,5,4,3,2,1,2,2,5,3,3,3,2,3,3,2,4,3,"모두랑 / 가성비좋음, 특유의 맛이 있음.다른집과 다른 차별적인맛/ 포장용기를 비닐봉다리에 주는데 전용용기를 마련했으면함, 냄비나 식기좀 바꿨으면... 위생 안좋은거 알지만 보고 인식할때마다 비위 떨어짐, 휴대용 가스렌지도 바꾸거나 아님 잘 닦았으면... ","신전떡볶이/ 맛은 있고 독보적으로 개성있는 맛임, 가성비 좋음, 오징어튀김이랑 오뎅튀김 존맛임/ 위생, 친절, 너무 불친절함 손님이랍시고 많은거 바란게 아닌데 너무 불성실.. 불친절... 위생도 좀.. 주방이 보이는데도 좀 그렇고 테이블 끈적"
남,27~,4학년,일반,1,0,0,0,0,4,4,4,4,3,4,2,2,2,2,2,4,3,4,3,3,3,3,3,3,3,NA,NA,NA,NA,NA,NA,NA,NA,NA,NA,3,3,2,2,2,3,4,4,3,3,NA,NA,NA,NA,NA,"모두랑/비교적 저렴한 가격에 꽤 준수한 맛의
떡볶이를 먹을 수 있다/ 반찬이 단무지 밖에 없어서 조금 더 추가되면 좋지않을까 싶다","상추튀김/가격과 청결도가 아쉽다 갈때마다 청소가 잘 되어있지 않은 것 같으며 가격대비
양도 적다/ 주기적으로 테이블을 깨끗이 닦아주었으면 좋겠다"
여,20~22,3학년,일반,1,0,1,1,0,4,NA,NA,NA,NA,NA,NA,NA,NA,NA,NA,3,3,3,3,3,4,4,3,3,3,NA,NA,NA,NA,NA,NA,NA,NA,NA,NA,NA,NA,NA,NA,NA,5,4,4,5,5,NA,NA,NA,NA,NA,청년다방/맛있고 깨끗하고 직원분들 친절하심/없음,NA
여,23~26,4학년,일반,1,1,0,0,1,5,4,5,3,4,5,4,2,4,5,3,NA,NA,NA,NA,NA,4,2,3,3,2,NA,NA,NA,NA,NA,5,4,5,5,5,3,4,3,4,3,4,3,5,3,4,4,5,3,5,4,새우락/맵기선택가능하고 맛있음/없음,"상추튀김/맛이없음/청결,맛개선"
남,20~22,2학년,의대,0,0,1,0,0,4,4,5,4,5,5,3,5,5,4,4,4,4,5,5,4,4,5,4,4,4,NA,NA,NA,NA,NA,5,5,5,5,5,3,4,3,5,4,5,5,5,5,5,NA,NA,NA,NA,NA,"새우락 / 맛도 최상급, 가격도 합리적이며 상당한 퀄리티의 튀김과의 조화가 좋다. 떡볶이 토핑의 종류도 다양해서 누굴 데려와도 만족할만한 떡복이집. / 개선점이라고 할만한건 굳이 생각해보면 배달비가 좀 쎈편이다.",상추튀김짐/ 튀김이 눅눅했고 떡볶이 감칠맛이 아쉬웠디 / 튀김을 쌓아두지 말고 회전율을 높였으면 좋겠다.
여,20~22,2학년,일반,1,0,0,0,1,5,4,3,3,2,3,5,5,4,5,5,5,5,3,3,4,4,5,4,4,4,NA,NA,NA,NA,NA,5,5,4,5,5,4,5,3,5,5,5,4,4,4,5,NA,NA,NA,NA,NA,새우락/가격대비 맛있음/ 더 매운맛이 나왔음 좋겠다,모두랑/ 맛도 그렇게 좋지도 않고 즉석떡볶이라 두끼랑 맛도 비슷한데 비쌈 / 모르겠음
여,23~26,4학년,일반,0,1,0,0,0,4,NA,NA,NA,NA,NA,5,5,5,4,4,NA,NA,NA,NA,NA,4,5,4,4,4,NA,NA,NA,NA,NA,4,5,5,4,4,5,2,4,3,3,5,3,4,3,3,NA,NA,NA,NA,NA,"두끼 / 무한리필인데 가격도 만원 이하라 가성비 괜찮으며 소스도 많아 원하는 맛으로 배합해서 취향대로 먹을 수 있음 / 개선점은 딱히 없는듯, 가격이 더이상 안 올랐으면 함",옛날땡땡이상추튀김/맛은 있으나 양은 적고 가격은 비쌈/가격을 낮추던가 양을 더 늘리던가 해야할 듯 하다
남,23~26,6학년,의대,1,1,1,0,0,4,5,5,3,4,5,4,5,4,3,4,NA,NA,NA,NA,NA,4,2,3,3,2,NA,NA,NA,NA,NA,NA,NA,NA,NA,NA,4,4,3,5,4,5,3,5,4,5,NA,NA,NA,NA,NA,모두랑 / 존맛탱 / 전반적으로 만족스러우나 위생 관리가 조금 더 필요할 듯,신전 떡볶이 / 양에 비해 너무 비쌈 / 가격 인하
여,20~22,2학년,일반,1,0,0,0,0,4,4,5,4,2,4,3,3,4,3,2,4,2,2,2,4,4,3,3,2,4,NA,NA,NA,NA,NA,NA,NA,NA,NA,NA,3,2,3,4,3,3,2,3,4,4,4,3,3,2,4,에바다 떡볶이/ 프랜차이즈가 아니고 맛있고 가격도 비싸지 않아서 좋다/ 떡볶이에 어묵이 좀 더 많았으면 좋겠다 그리그 컵떡볶이두 팔았음 좋겠어요!!,딱히 없음 떡볶이는 진리다 떡볶이 최고
남,27~,6학년,의대,1,0,0,0,1,4,NA,NA,NA,NA,NA,3,2,4,3,2,2,2,3,3,2,5,2,3,3,4,NA,NA,NA,NA,NA,NA,NA,NA,NA,NA,NA,NA,NA,NA,NA,5,5,3,3,5,NA,NA,NA,NA,NA,청년다방/ 맛이 제일 중요 / 맛의 변화점 존재,NA
여,20~22,2학년,일반,1,0,0,1,1,5,5,5,5,5,5,4,4,4,4,4,5,4,4,4,5,4,4,2,4,3,NA,NA,NA,NA,NA,NA,NA,NA,NA,NA,NA,NA,NA,NA,NA,5,4,4,4,4,NA,NA,NA,NA,NA,모두랑/맛있음/,신전/청결
여,23~26,3학년,일반,1,1,1,1,1,5,3,4,3,3,3,4,3,3,4,4,3,1,2,2,2,4,4,3,1,4,NA,NA,NA,NA,NA,3,2,3,4,3,2,3,2,3,2,4,2,3,3,4,NA,NA,NA,NA,NA,신전떡볶이/넘마싯슴 ㅜㅜ/친절,엽떡/맛있는지 모르겠어요
여,23~26,4학년,일반,1,1,0,0,1,4,4,5,4,3,4,4,3,5,4,3,5,4,3,3,4,3,3,4,2,2,NA,NA,NA,NA,NA,NA,NA,NA,NA,NA,2,3,2,2,1,4,3,4,4,4,2,3,3,3,2,모두랑/ 맛과 가격 모두 평타 이상이였다!,"옛날땡땡이상추/ 튀김을 쌓아놓고, 맛도 그렇게 맛있는지 모르겠다"
여,23~26,4학년,일반,0,0,0,1,0,5,2,4,1,3,2,4,4,4,4,5,4,2,3,3,4,4,4,3,4,4,3,3,3,4,3,2,2,3,3,2,2,3,2,4,2,3,2,4,4,3,3,4,3,4,3,엽기떡볶이/맛이 일률적으로 맛있다/조금 더 청결했으면-소시지 상태가 조금 들쭉날쭉함,모두랑/기대 이하-맛이 특별히 있는지 모르겠다/소스를 조금 더 차별화해야 할 것 같음. 너무 단 느낌도 들 때가 있음
여,23~26,4학년,일반,1,1,0,1,0,5,4,3,3,3,3,4,3,4,3,4,5,3,4,3,5,5,4,3,3,4,NA,NA,NA,NA,NA,NA,NA,NA,NA,NA,3,4,3,4,3,4,3,4,3,3,NA,NA,NA,NA,NA,엽떡/가장입맛에맛있어서/1인분도나왔으면좋겠다,상추튀김/떡이퍼진것같아서
남,23~26,3학년,일반,0,1,0,0,0,4,3,5,3,3,4,4,3,4,2,3,2,1,3,3,2,4,4,4,3,4,NA,NA,NA,NA,NA,3,2,3,4,2,3,2,2,3,1,5,4,5,4,5,NA,NA,NA,NA,NA,청년다방 / 제일 무난하다 / 가격 인하,옛날땡땡이상추튀김 / 가성비 / 청결
여,20~22,2학년,일반,1,0,1,0,1,5,NA,NA,NA,NA,NA,NA,NA,NA,NA,NA,5,4,3,4,5,5,5,2,2,4,NA,NA,NA,NA,NA,NA,NA,NA,NA,NA,3,1,3,3,3,NA,NA,NA,NA,NA,NA,NA,NA,NA,NA,NA,NA
여,20~22,3학년,일반,1,0,0,1,0,5,5,5,3,4,5,3,3,3,2,2,4,5,4,3,3,5,5,3,3,4,NA,NA,NA,NA,NA,NA,NA,NA,NA,NA,4,5,3,3,3,4,4,4,4,4,3,3,3,3,2,모두랑/즉석떡볶이 안에 들어간 것도 많고 맛있다/ 위생이 어떤지 잘 모르겠다..,상추튀김/ 위생 
여,23~26,4학년,일반,1,0,0,0,0,5,5,5,4,5,5,4,4,4,4,4,5,4,4,3,5,4,4,4,3,4,NA,NA,NA,NA,NA,NA,NA,NA,NA,NA,4,4,3,5,4,4,4,4,3,3,3,4,4,4,3,모두랑/볶음밥이 너무 맛있음 가성비도 좋음,청년다방/떡볶이는 맛있는데 볶음밥이 너무 별로여서 한 번 가고 안감
남,20~22,3학년,의대,0,1,0,0,0,2,NA,NA,NA,NA,NA,4,2,2,2,3,4,1,2,2,3,NA,NA,NA,NA,NA,NA,NA,NA,NA,NA,NA,NA,NA,NA,NA,NA,NA,NA,NA,NA,NA,NA,NA,NA,NA,NA,NA,NA,NA,NA,엽기떡볶이 치즈가 맛있어서 가격이 너무 쎔,.
여,20~22,3학년,의대,1,0,0,1,1,5,4,4,3,3,3,4,3,5,5,5,3,2,3,3,3,NA,NA,NA,NA,NA,NA,NA,NA,NA,NA,NA,NA,NA,NA,NA,NA,NA,NA,NA,NA,5,4,5,5,5,NA,NA,NA,NA,NA,"청년다방/프렌차이즈라 항상 일정한 평균이상의 맛이고, 떡볶이메뉴와 사이드 메뉴가 다양하다. 또 먹은후에 볶음밥을 먹을수있다./ 떡 종류가 하나라 아쉽다","엽기떡볶이/개인적으로 선호하지 않는다. 떡의 질이 좋지 않고, 어묵도 별로 맛이없다. 또 양념의 단맛이 조화롭지 않고 자극적인 맛만 강하다/프렌차이즈인 점을 감안해서 말하면, 떡의 질만 개선되어도 좋을것 같다."
여,23~26,4학년,일반,1,1,0,0,1,5,4,5,2,4,4,3,3,4,4,3,4,3,3,3,4,4,5,2,3,4,NA,NA,NA,NA,NA,3,3,3,3,3,4,2,2,3,2,5,3,4,5,5,3,5,3,4,3,"청년다방, 위에 토핑이나 사이드메뉴가 맛있어요!",상취튀김: 떡볶이가 양에 비해 비싸요 그렇다고 완전 맛있는 편도 아닙니다
